id,regime_type,regime_period,regime_direction,adx_period,adx_threshold,supertrend_length,supertrend_multiplier,rsi_period,rsi_oversold,rsi_overbought,use_volume_filter,volume_ma_period,use_atr_filter,atr_min_threshold,atr_period,entry_indicators,sl_atr_multiplier,tp_atr_multiplier,initial_capital,final_value,net_profit,total_return_pct,annual_return_pct,sharpe_ratio,sortino_ratio,calmar_ratio,max_drawdown_pct,num_trades,win_rate_pct,profit_factor,avg_trade,best_trade,worst_trade,commission,slippage,buy_hold_return_pct,excess_return_pct
1,none,100,long_only,14,25,7,1.5,14,25,65,False,20,False,0.5,14,"['supertrend', 'rsi']",2.0,4.0,10000,8897.71,-1102.29,-11.02,-11.05,-0.15,-0.0,-1.0,11.02,4,0.0,0.0,-275.57,-131.14,-496.69,0.00075,0.0005,23.45,-34.47
2,none,100,long_only,14,25,7,1.5,14,25,65,False,20,False,0.5,14,"['supertrend', 'rsi']",2.5,5.0,10000,8646.9,-1353.1,-13.53,-13.57,-0.15,-0.0,-1.0,13.53,4,0.0,0.0,-338.28,-159.08,-608.81,0.00075,0.0005,23.45,-36.98
3,none,100,long_only,14,25,7,1.5,14,25,65,False,20,False,0.5,14,"['supertrend', 'rsi']",2.0,6.0,10000,8897.71,-1102.29,-11.02,-11.05,-0.15,-0.0,-1.0,11.02,4,0.0,0.0,-275.57,-131.14,-496.69,0.00075,0.0005,23.45,-34.47
4,none,100,long_only,14,25,7,1.5,14,25,70,False,20,False,0.5,14,"['supertrend', 'rsi']",2.0,4.0,10000,8897.71,-1102.29,-11.02,-11.05,-0.15,-0.0,-1.0,11.02,4,0.0,0.0,-275.57,-131.14,-496.69,0.00075,0.0005,23.45,-34.47
5,none,100,long_only,14,25,7,1.5,14,25,70,False,20,False,0.5,14,"['supertrend', 'rsi']",2.5,5.0,10000,8646.9,-1353.1,-13.53,-13.57,-0.15,-0.0,-1.0,13.53,4,0.0,0.0,-338.28,-159.08,-608.81,0.00075,0.0005,23.45,-36.98
6,none,100,long_only,14,25,7,1.5,14,25,70,False,20,False,0.5,14,"['supertrend', 'rsi']",2.0,6.0,10000,8897.71,-1102.29,-11.02,-11.05,-0.15,-0.0,-1.0,11.02,4,0.0,0.0,-275.57,-131.14,-496.69,0.00075,0.0005,23.45,-34.47
7,none,100,long_only,14,25,7,1.5,14,25,75,False,20,False,0.5,14,"['supertrend', 'rsi']",2.0,4.0,10000,8897.71,-1102.29,-11.02,-11.05,-0.15,-0.0,-1.0,11.02,4,0.0,0.0,-275.57,-131.14,-496.69,0.00075,0.0005,23.45,-34.47
8,none,100,long_only,14,25,7,1.5,14,25,75,False,20,False,0.5,14,"['supertrend', 'rsi']",2.5,5.0,10000,8646.9,-1353.1,-13.53,-13.57,-0.15,-0.0,-1.0,13.53,4,0.0,0.0,-338.28,-159.08,-608.81,0.00075,0.0005,23.45,-36.98
9,none,100,long_only,14,25,7,1.5,14,25,75,False,20,False,0.5,14,"['supertrend', 'rsi']",2.0,6.0,10000,8897.71,-1102.29,-11.02,-11.05,-0.15,-0.0,-1.0,11.02,4,0.0,0.0,-275.57,-131.14,-496.69,0.00075,0.0005,23.45,-34.47
10,none,100,long_only,14,25,7,1.5,14,30,65,False,20,False,0.5,14,"['supertrend', 'rsi']",2.0,4.0,10000,8265.33,-1734.67,-17.35,-17.39,-0.27,-0.02,-1.0,17.35,11,0.0,0.0,-157.7,-92.12,-222.01,0.00075,0.0005,23.45,-40.8
11,none,100,long_only,14,25,7,1.5,14,30,65,False,20,False,0.5,14,"['supertrend', 'rsi']",2.5,5.0,10000,8202.94,-1797.06,-17.97,-18.02,-0.25,-0.01,-1.0,17.97,9,0.0,0.0,-199.67,-113.65,-274.54,0.00075,0.0005,23.45,-41.42
12,none,100,long_only,14,25,7,1.5,14,30,65,False,20,False,0.5,14,"['supertrend', 'rsi']",2.0,6.0,10000,8265.33,-1734.67,-17.35,-17.39,-0.27,-0.02,-1.0,17.35,11,0.0,0.0,-157.7,-92.12,-222.01,0.00075,0.0005,23.45,-40.8
13,none,100,long_only,14,25,7,1.5,14,30,70,False,20,False,0.5,14,"['supertrend', 'rsi']",2.0,4.0,10000,8265.33,-1734.67,-17.35,-17.39,-0.27,-0.02,-1.0,17.35,11,0.0,0.0,-157.7,-92.12,-222.01,0.00075,0.0005,23.45,-40.8
14,none,100,long_only,14,25,7,1.5,14,30,70,False,20,False,0.5,14,"['supertrend', 'rsi']",2.5,5.0,10000,8202.94,-1797.06,-17.97,-18.02,-0.25,-0.01,-1.0,17.97,9,0.0,0.0,-199.67,-113.65,-274.54,0.00075,0.0005,23.45,-41.42
15,none,100,long_only,14,25,7,1.5,14,30,70,False,20,False,0.5,14,"['supertrend', 'rsi']",2.0,6.0,10000,8265.33,-1734.67,-17.35,-17.39,-0.27,-0.02,-1.0,17.35,11,0.0,0.0,-157.7,-92.12,-222.01,0.00075,0.0005,23.45,-40.8
16,none,100,long_only,14,25,7,1.5,14,30,75,False,20,False,0.5,14,"['supertrend', 'rsi']",2.0,4.0,10000,8265.33,-1734.67,-17.35,-17.39,-0.27,-0.02,-1.0,17.35,11,0.0,0.0,-157.7,-92.12,-222.01,0.00075,0.0005,23.45,-40.8
17,none,100,long_only,14,25,7,1.5,14,30,75,False,20,False,0.5,14,"['supertrend', 'rsi']",2.5,5.0,10000,8202.94,-1797.06,-17.97,-18.02,-0.25,-0.01,-1.0,17.97,9,0.0,0.0,-199.67,-113.65,-274.54,0.00075,0.0005,23.45,-41.42
18,none,100,long_only,14,25,7,1.5,14,30,75,False,20,False,0.5,14,"['supertrend', 'rsi']",2.0,6.0,10000,8265.33,-1734.67,-17.35,-17.39,-0.27,-0.02,-1.0,17.35,11,0.0,0.0,-157.7,-92.12,-222.01,0.00075,0.0005,23.45,-40.8
19,none,100,long_only,14,25,7,1.5,14,35,65,False,20,False,0.5,14,"['supertrend', 'rsi']",2.0,4.0,10000,6289.1,-3710.9,-37.11,-37.19,-0.39,-0.03,-1.0,37.11,25,0.0,0.0,-148.44,-73.29,-308.8,0.00075,0.0005,23.45,-60.56
20,none,100,long_only,14,25,7,1.5,14,35,65,False,20,False,0.5,14,"['supertrend', 'rsi']",2.5,5.0,10000,6448.72,-3551.28,-35.51,-35.59,-0.33,-0.02,-1.0,35.51,17,0.0,0.0,-208.9,-88.26,-379.24,0.00075,0.0005,23.45,-58.96
21,none,100,long_only,14,25,7,1.5,14,35,65,False,20,False,0.5,14,"['supertrend', 'rsi']",2.0,6.0,10000,6289.1,-3710.9,-37.11,-37.19,-0.39,-0.03,-1.0,37.11,25,0.0,0.0,-148.44,-73.29,-308.8,0.00075,0.0005,23.45,-60.56
22,none,100,long_only,14,25,7,1.5,14,35,70,False,20,False,0.5,14,"['supertrend', 'rsi']",2.0,4.0,10000,6289.1,-3710.9,-37.11,-37.19,-0.39,-0.03,-1.0,37.11,25,0.0,0.0,-148.44,-73.29,-308.8,0.00075,0.0005,23.45,-60.56
23,none,100,long_only,14,25,7,1.5,14,35,70,False,20,False,0.5,14,"['supertrend', 'rsi']",2.5,5.0,10000,6448.72,-3551.28,-35.51,-35.59,-0.33,-0.02,-1.0,35.51,17,0.0,0.0,-208.9,-88.26,-379.24,0.00075,0.0005,23.45,-58.96
24,none,100,long_only,14,25,7,1.5,14,35,70,False,20,False,0.5,14,"['supertrend', 'rsi']",2.0,6.0,10000,6289.1,-3710.9,-37.11,-37.19,-0.39,-0.03,-1.0,37.11,25,0.0,0.0,-148.44,-73.29,-308.8,0.00075,0.0005,23.45,-60.56
25,none,100,long_only,14,25,7,1.5,14,35,75,False,20,False,0.5,14,"['supertrend', 'rsi']",2.0,4.0,10000,6289.1,-3710.9,-37.11,-37.19,-0.39,-0.03,-1.0,37.11,25,0.0,0.0,-148.44,-73.29,-308.8,0.00075,0.0005,23.45,-60.56
26,none,100,long_only,14,25,7,1.5,14,35,75,False,20,False,0.5,14,"['supertrend', 'rsi']",2.5,5.0,10000,6448.72,-3551.28,-35.51,-35.59,-0.33,-0.02,-1.0,35.51,17,0.0,0.0,-208.9,-88.26,-379.24,0.00075,0.0005,23.45,-58.96
27,none,100,long_only,14,25,7,1.5,14,35,75,False,20,False,0.5,14,"['supertrend', 'rsi']",2.0,6.0,10000,6289.1,-3710.9,-37.11,-37.19,-0.39,-0.03,-1.0,37.11,25,0.0,0.0,-148.44,-73.29,-308.8,0.00075,0.0005,23.45,-60.56
28,none,100,long_only,14,25,7,2.0,14,25,65,False,20,False,0.5,14,"['supertrend', 'rsi']",2.0,4.0,10000,9738.42,-261.58,-2.62,-2.62,-0.08,,-1.0,2.62,1,0.0,0.0,-261.58,-261.58,-261.58,0.00075,0.0005,23.45,-26.07
29,none,100,long_only,14,25,7,2.0,14,25,65,False,20,False,0.5,14,"['supertrend', 'rsi']",2.5,5.0,10000,9676.16,-323.84,-3.24,-3.25,-0.08,,-1.0,3.24,1,0.0,0.0,-323.84,-323.84,-323.84,0.00075,0.0005,23.45,-26.69
30,none,100,long_only,14,25,7,2.0,14,25,65,False,20,False,0.5,14,"['supertrend', 'rsi']",2.0,6.0,10000,9738.42,-261.58,-2.62,-2.62,-0.08,,-1.0,2.62,1,0.0,0.0,-261.58,-261.58,-261.58,0.00075,0.0005,23.45,-26.07
31,none,100,long_only,14,25,7,2.0,14,25,70,False,20,False,0.5,14,"['supertrend', 'rsi']",2.0,4.0,10000,9738.42,-261.58,-2.62,-2.62,-0.08,,-1.0,2.62,1,0.0,0.0,-261.58,-261.58,-261.58,0.00075,0.0005,23.45,-26.07
32,none,100,long_only,14,25,7,2.0,14,25,70,False,20,False,0.5,14,"['supertrend', 'rsi']",2.5,5.0,10000,9676.16,-323.84,-3.24,-3.25,-0.08,,-1.0,3.24,1,0.0,0.0,-323.84,-323.84,-323.84,0.00075,0.0005,23.45,-26.69
33,none,100,long_only,14,25,7,2.0,14,25,70,False,20,False,0.5,14,"['supertrend', 'rsi']",2.0,6.0,10000,9738.42,-261.58,-2.62,-2.62,-0.08,,-1.0,2.62,1,0.0,0.0,-261.58,-261.58,-261.58,0.00075,0.0005,23.45,-26.07
34,none,100,long_only,14,25,7,2.0,14,25,75,False,20,False,0.5,14,"['supertrend', 'rsi']",2.0,4.0,10000,9738.42,-261.58,-2.62,-2.62,-0.08,,-1.0,2.62,1,0.0,0.0,-261.58,-261.58,-261.58,0.00075,0.0005,23.45,-26.07
35,none,100,long_only,14,25,7,2.0,14,25,75,False,20,False,0.5,14,"['supertrend', 'rsi']",2.5,5.0,10000,9676.16,-323.84,-3.24,-3.25,-0.08,,-1.0,3.24,1,0.0,0.0,-323.84,-323.84,-323.84,0.00075,0.0005,23.45,-26.69
36,none,100,long_only,14,25,7,2.0,14,25,75,False,20,False,0.5,14,"['supertrend', 'rsi']",2.0,6.0,10000,9738.42,-261.58,-2.62,-2.62,-0.08,,-1.0,2.62,1,0.0,0.0,-261.58,-261.58,-261.58,0.00075,0.0005,23.45,-26.07
37,none,100,long_only,14,25,7,2.0,14,30,65,False,20,False,0.5,14,"['supertrend', 'rsi']",2.0,4.0,10000,9577.3,-422.7,-4.23,-4.24,-0.12,-0.0,-1.0,4.23,2,0.0,0.0,-211.35,-165.45,-257.25,0.00075,0.0005,23.45,-27.68
38,none,100,long_only,14,25,7,2.0,14,30,65,False,20,False,0.5,14,"['supertrend', 'rsi']",2.5,5.0,10000,9479.06,-520.94,-5.21,-5.22,-0.12,-0.0,-1.0,5.21,2,0.0,0.0,-260.47,-203.69,-317.25,0.00075,0.0005,23.45,-28.66
39,none,100,long_only,14,25,7,2.0,14,30,65,False,20,False,0.5,14,"['supertrend', 'rsi']",2.0,6.0,10000,9577.3,-422.7,-4.23,-4.24,-0.12,-0.0,-1.0,4.23,2,0.0,0.0,-211.35,-165.45,-257.25,0.00075,0.0005,23.45,-27.68
40,none,100,long_only,14,25,7,2.0,14,30,70,False,20,False,0.5,14,"['supertrend', 'rsi']",2.0,4.0,10000,9577.3,-422.7,-4.23,-4.24,-0.12,-0.0,-1.0,4.23,2,0.0,0.0,-211.35,-165.45,-257.25,0.00075,0.0005,23.45,-27.68
41,none,100,long_only,14,25,7,2.0,14,30,70,False,20,False,0.5,14,"['supertrend', 'rsi']",2.5,5.0,10000,9479.06,-520.94,-5.21,-5.22,-0.12,-0.0,-1.0,5.21,2,0.0,0.0,-260.47,-203.69,-317.25,0.00075,0.0005,23.45,-28.66
42,none,100,long_only,14,25,7,2.0,14,30,70,False,20,False,0.5,14,"['supertrend', 'rsi']",2.0,6.0,10000,9577.3,-422.7,-4.23,-4.24,-0.12,-0.0,-1.0,4.23,2,0.0,0.0,-211.35,-165.45,-257.25,0.00075,0.0005,23.45,-27.68
43,none,100,long_only,14,25,7,2.0,14,30,75,False,20,False,0.5,14,"['supertrend', 'rsi']",2.0,4.0,10000,9577.3,-422.7,-4.23,-4.24,-0.12,-0.0,-1.0,4.23,2,0.0,0.0,-211.35,-165.45,-257.25,0.00075,0.0005,23.45,-27.68
44,none,100,long_only,14,25,7,2.0,14,30,75,False,20,False,0.5,14,"['supertrend', 'rsi']",2.5,5.0,10000,9479.06,-520.94,-5.21,-5.22,-0.12,-0.0,-1.0,5.21,2,0.0,0.0,-260.47,-203.69,-317.25,0.00075,0.0005,23.45,-28.66
45,none,100,long_only,14,25,7,2.0,14,30,75,False,20,False,0.5,14,"['supertrend', 'rsi']",2.0,6.0,10000,9577.3,-422.7,-4.23,-4.24,-0.12,-0.0,-1.0,4.23,2,0.0,0.0,-211.35,-165.45,-257.25,0.00075,0.0005,23.45,-27.68
46,none,100,long_only,14,25,7,2.0,14,35,65,False,20,False,0.5,14,"['supertrend', 'rsi']",2.0,4.0,10000,8658.67,-1341.33,-13.41,-13.45,-0.24,-0.01,-1.0,13.41,9,0.0,0.0,-149.04,-88.92,-241.73,0.00075,0.0005,23.45,-36.86
47,none,100,long_only,14,25,7,2.0,14,35,65,False,20,False,0.5,14,"['supertrend', 'rsi']",2.5,5.0,10000,8373.14,-1626.86,-16.27,-16.31,-0.24,-0.01,-1.0,16.27,9,0.0,0.0,-180.76,-105.07,-293.84,0.00075,0.0005,23.45,-39.72
48,none,100,long_only,14,25,7,2.0,14,35,65,False,20,False,0.5,14,"['supertrend', 'rsi']",2.0,6.0,10000,8658.67,-1341.33,-13.41,-13.45,-0.24,-0.01,-1.0,13.41,9,0.0,0.0,-149.04,-88.92,-241.73,0.00075,0.0005,23.45,-36.86
49,none,100,long_only,14,25,7,2.0,14,35,70,False,20,False,0.5,14,"['supertrend', 'rsi']",2.0,4.0,10000,8658.67,-1341.33,-13.41,-13.45,-0.24,-0.01,-1.0,13.41,9,0.0,0.0,-149.04,-88.92,-241.73,0.00075,0.0005,23.45,-36.86
50,none,100,long_only,14,25,7,2.0,14,35,70,False,20,False,0.5,14,"['supertrend', 'rsi']",2.5,5.0,10000,8373.14,-1626.86,-16.27,-16.31,-0.24,-0.01,-1.0,16.27,9,0.0,0.0,-180.76,-105.07,-293.84,0.00075,0.0005,23.45,-39.72
51,none,100,long_only,14,25,7,2.0,14,35,70,False,20,False,0.5,14,"['supertrend', 'rsi']",2.0,6.0,10000,8658.67,-1341.33,-13.41,-13.45,-0.24,-0.01,-1.0,13.41,9,0.0,0.0,-149.04,-88.92,-241.73,0.00075,0.0005,23.45,-36.86
52,none,100,long_only,14,25,7,2.0,14,35,75,False,20,False,0.5,14,"['supertrend', 'rsi']",2.0,4.0,10000,8658.67,-1341.33,-13.41,-13.45,-0.24,-0.01,-1.0,13.41,9,0.0,0.0,-149.04,-88.92,-241.73,0.00075,0.0005,23.45,-36.86
53,none,100,long_only,14,25,7,2.0,14,35,75,False,20,False,0.5,14,"['supertrend', 'rsi']",2.5,5.0,10000,8373.14,-1626.86,-16.27,-16.31,-0.24,-0.01,-1.0,16.27,9,0.0,0.0,-180.76,-105.07,-293.84,0.00075,0.0005,23.45,-39.72
54,none,100,long_only,14,25,7,2.0,14,35,75,False,20,False,0.5,14,"['supertrend', 'rsi']",2.0,6.0,10000,8658.67,-1341.33,-13.41,-13.45,-0.24,-0.01,-1.0,13.41,9,0.0,0.0,-149.04,-88.92,-241.73,0.00075,0.0005,23.45,-36.86
73,none,100,long_only,14,25,7,2.5,14,35,65,False,20,False,0.5,14,"['supertrend', 'rsi']",2.0,4.0,10000,9613.71,-386.29,-3.86,-3.87,-0.14,-0.01,-1.0,3.86,3,0.0,0.0,-128.76,-98.72,-161.79,0.00075,0.0005,23.45,-27.31
74,none,100,long_only,14,25,7,2.5,14,35,65,False,20,False,0.5,14,"['supertrend', 'rsi']",2.5,5.0,10000,9527.76,-472.24,-4.72,-4.74,-0.14,-0.01,-1.0,4.72,3,0.0,0.0,-157.41,-119.56,-199.11,0.00075,0.0005,23.45,-28.17
75,none,100,long_only,14,25,7,2.5,14,35,65,False,20,False,0.5,14,"['supertrend', 'rsi']",2.0,6.0,10000,9613.71,-386.29,-3.86,-3.87,-0.14,-0.01,-1.0,3.86,3,0.0,0.0,-128.76,-98.72,-161.79,0.00075,0.0005,23.45,-27.31
76,none,100,long_only,14,25,7,2.5,14,35,70,False,20,False,0.5,14,"['supertrend', 'rsi']",2.0,4.0,10000,9613.71,-386.29,-3.86,-3.87,-0.14,-0.01,-1.0,3.86,3,0.0,0.0,-128.76,-98.72,-161.79,0.00075,0.0005,23.45,-27.31
77,none,100,long_only,14,25,7,2.5,14,35,70,False,20,False,0.5,14,"['supertrend', 'rsi']",2.5,5.0,10000,9527.76,-472.24,-4.72,-4.74,-0.14,-0.01,-1.0,4.72,3,0.0,0.0,-157.41,-119.56,-199.11,0.00075,0.0005,23.45,-28.17
78,none,100,long_only,14,25,7,2.5,14,35,70,False,20,False,0.5,14,"['supertrend', 'rsi']",2.0,6.0,10000,9613.71,-386.29,-3.86,-3.87,-0.14,-0.01,-1.0,3.86,3,0.0,0.0,-128.76,-98.72,-161.79,0.00075,0.0005,23.45,-27.31
79,none,100,long_only,14,25,7,2.5,14,35,75,False,20,False,0.5,14,"['supertrend', 'rsi']",2.0,4.0,10000,9613.71,-386.29,-3.86,-3.87,-0.14,-0.01,-1.0,3.86,3,0.0,0.0,-128.76,-98.72,-161.79,0.00075,0.0005,23.45,-27.31
80,none,100,long_only,14,25,7,2.5,14,35,75,False,20,False,0.5,14,"['supertrend', 'rsi']",2.5,5.0,10000,9527.76,-472.24,-4.72,-4.74,-0.14,-0.01,-1.0,4.72,3,0.0,0.0,-157.41,-119.56,-199.11,0.00075,0.0005,23.45,-28.17
81,none,100,long_only,14,25,7,2.5,14,35,75,False,20,False,0.5,14,"['supertrend', 'rsi']",2.0,6.0,10000,9613.71,-386.29,-3.86,-3.87,-0.14,-0.01,-1.0,3.86,3,0.0,0.0,-128.76,-98.72,-161.79,0.00075,0.0005,23.45,-27.31
82,none,100,long_only,14,25,10,1.5,14,25,65,False,20,False,0.5,14,"['supertrend', 'rsi']",2.0,4.0,10000,8226.22,-1773.78,-17.74,-17.78,-0.22,-0.01,-1.0,17.74,8,0.0,0.0,-221.72,-121.25,-459.21,0.00075,0.0005,23.45,-41.19
83,none,100,long_only,14,25,10,1.5,14,25,65,False,20,False,0.5,14,"['supertrend', 'rsi']",2.5,5.0,10000,7847.12,-2152.88,-21.53,-21.58,-0.22,-0.01,-1.0,21.53,8,0.0,0.0,-269.11,-144.37,-552.5,0.00075,0.0005,23.45,-44.98
84,none,100,long_only,14,25,10,1.5,14,25,65,False,20,False,0.5,14,"['supertrend', 'rsi']",2.0,6.0,10000,8226.22,-1773.78,-17.74,-17.78,-0.22,-0.01,-1.0,17.74,8,0.0,0.0,-221.72,-121.25,-459.21,0.00075,0.0005,23.45,-41.19
85,none,100,long_only,14,25,10,1.5,14,25,70,False,20,False,0.5,14,"['supertrend', 'rsi']",2.0,4.0,10000,8226.22,-1773.78,-17.74,-17.78,-0.22,-0.01,-1.0,17.74,8,0.0,0.0,-221.72,-121.25,-459.21,0.00075,0.0005,23.45,-41.19
86,none,100,long_only,14,25,10,1.5,14,25,70,False,20,False,0.5,14,"['supertrend', 'rsi']",2.5,5.0,10000,7847.12,-2152.88,-21.53,-21.58,-0.22,-0.01,-1.0,21.53,8,0.0,0.0,-269.11,-144.37,-552.5,0.00075,0.0005,23.45,-44.98
87,none,100,long_only,14,25,10,1.5,14,25,70,False,20,False,0.5,14,"['supertrend', 'rsi']",2.0,6.0,10000,8226.22,-1773.78,-17.74,-17.78,-0.22,-0.01,-1.0,17.74,8,0.0,0.0,-221.72,-121.25,-459.21,0.00075,0.0005,23.45,-41.19
88,none,100,long_only,14,25,10,1.5,14,25,75,False,20,False,0.5,14,"['supertrend', 'rsi']",2.0,4.0,10000,8226.22,-1773.78,-17.74,-17.78,-0.22,-0.01,-1.0,17.74,8,0.0,0.0,-221.72,-121.25,-459.21,0.00075,0.0005,23.45,-41.19
89,none,100,long_only,14,25,10,1.5,14,25,75,False,20,False,0.5,14,"['supertrend', 'rsi']",2.5,5.0,10000,7847.12,-2152.88,-21.53,-21.58,-0.22,-0.01,-1.0,21.53,8,0.0,0.0,-269.11,-144.37,-552.5,0.00075,0.0005,23.45,-44.98
90,none,100,long_only,14,25,10,1.5,14,25,75,False,20,False,0.5,14,"['supertrend', 'rsi']",2.0,6.0,10000,8226.22,-1773.78,-17.74,-17.78,-0.22,-0.01,-1.0,17.74,8,0.0,0.0,-221.72,-121.25,-459.21,0.00075,0.0005,23.45,-41.19
91,none,100,long_only,14,25,10,1.5,14,30,65,False,20,False,0.5,14,"['supertrend', 'rsi']",2.0,4.0,10000,7772.17,-2227.83,-22.28,-22.33,-0.31,-0.02,-1.0,22.28,14,0.0,0.0,-159.13,-88.33,-236.78,0.00075,0.0005,23.45,-45.73
92,none,100,long_only,14,25,10,1.5,14,30,65,False,20,False,0.5,14,"['supertrend', 'rsi']",2.5,5.0,10000,7446.68,-2553.32,-25.53,-25.59,-0.3,-0.02,-1.0,25.53,13,0.0,0.0,-196.41,-105.68,-292.85,0.00075,0.0005,23.45,-48.98
93,none,100,long_only,14,25,10,1.5,14,30,65,False,20,False,0.5,14,"['supertrend', 'rsi']",2.0,6.0,10000,7772.17,-2227.83,-22.28,-22.33,-0.31,-0.02,-1.0,22.28,14,0.0,0.0,-159.13,-88.33,-236.78,0.00075,0.0005,23.45,-45.73
94,none,100,long_only,14,25,10,1.5,14,30,70,False,20,False,0.5,14,"['supertrend', 'rsi']",2.0,4.0,10000,7772.17,-2227.83,-22.28,-22.33,-0.31,-0.02,-1.0,22.28,14,0.0,0.0,-159.13,-88.33,-236.78,0.00075,0.0005,23.45,-45.73
95,none,100,long_only,14,25,10,1.5,14,30,70,False,20,False,0.5,14,"['supertrend', 'rsi']",2.5,5.0,10000,7446.68,-2553.32,-25.53,-25.59,-0.3,-0.02,-1.0,25.53,13,0.0,0.0,-196.41,-105.68,-292.85,0.00075,0.0005,23.45,-48.98
96,none,100,long_only,14,25,10,1.5,14,30,70,False,20,False,0.5,14,"['supertrend', 'rsi']",2.0,6.0,10000,7772.17,-2227.83,-22.28,-22.33,-0.31,-0.02,-1.0,22.28,14,0.0,0.0,-159.13,-88.33,-236.78,0.00075,0.0005,23.45,-45.73
97,none,100,long_only,14,25,10,1.5,14,30,75,False,20,False,0.5,14,"['supertrend', 'rsi']",2.0,4.0,10000,7772.17,-2227.83,-22.28,-22.33,-0.31,-0.02,-1.0,22.28,14,0.0,0.0,-159.13,-88.33,-236.78,0.00075,0.0005,23.45,-45.73
98,none,100,long_only,14,25,10,1.5,14,30,75,False,20,False,0.5,14,"['supertrend', 'rsi']",2.5,5.0,10000,7446.68,-2553.32,-25.53,-25.59,-0.3,-0.02,-1.0,25.53,13,0.0,0.0,-196.41,-105.68,-292.85,0.00075,0.0005,23.45,-48.98
99,none,100,long_only,14,25,10,1.5,14,30,75,False,20,False,0.5,14,"['supertrend', 'rsi']",2.0,6.0,10000,7772.17,-2227.83,-22.28,-22.33,-0.31,-0.02,-1.0,22.28,14,0.0,0.0,-159.13,-88.33,-236.78,0.00075,0.0005,23.45,-45.73
100,none,100,long_only,14,25,10,1.5,14,35,65,False,20,False,0.5,14,"['supertrend', 'rsi']",2.0,4.0,10000,5522.66,-4477.34,-44.77,-44.86,-0.43,-0.03,-1.0,44.77,30,0.0,0.0,-149.24,-69.1,-295.07,0.00075,0.0005,23.45,-68.22
101,none,100,long_only,14,25,10,1.5,14,35,65,False,20,False,0.5,14,"['supertrend', 'rsi']",2.5,5.0,10000,5035.81,-4964.19,-49.64,-49.74,-0.41,-0.03,-1.0,49.64,27,0.0,0.0,-183.86,-78.8,-358.45,0.00075,0.0005,23.45,-73.09
102,none,100,long_only,14,25,10,1.5,14,35,65,False,20,False,0.5,14,"['supertrend', 'rsi']",2.0,6.0,10000,5522.66,-4477.34,-44.77,-44.86,-0.43,-0.03,-1.0,44.77,30,0.0,0.0,-149.24,-69.1,-295.07,0.00075,0.0005,23.45,-68.22
103,none,100,long_only,14,25,10,1.5,14,35,70,False,20,False,0.5,14,"['supertrend', 'rsi']",2.0,4.0,10000,5522.66,-4477.34,-44.77,-44.86,-0.43,-0.03,-1.0,44.77,30,0.0,0.0,-149.24,-69.1,-295.07,0.00075,0.0005,23.45,-68.22
104,none,100,long_only,14,25,10,1.5,14,35,70,False,20,False,0.5,14,"['supertrend', 'rsi']",2.5,5.0,10000,5035.81,-4964.19,-49.64,-49.74,-0.41,-0.03,-1.0,49.64,27,0.0,0.0,-183.86,-78.8,-358.45,0.00075,0.0005,23.45,-73.09
105,none,100,long_only,14,25,10,1.5,14,35,70,False,20,False,0.5,14,"['supertrend', 'rsi']",2.0,6.0,10000,5522.66,-4477.34,-44.77,-44.86,-0.43,-0.03,-1.0,44.77,30,0.0,0.0,-149.24,-69.1,-295.07,0.00075,0.0005,23.45,-68.22
106,none,100,long_only,14,25,10,1.5,14,35,75,False,20,False,0.5,14,"['supertrend', 'rsi']",2.0,4.0,10000,5522.66,-4477.34,-44.77,-44.86,-0.43,-0.03,-1.0,44.77,30,0.0,0.0,-149.24,-69.1,-295.07,0.00075,0.0005,23.45,-68.22
107,none,100,long_only,14,25,10,1.5,14,35,75,False,20,False,0.5,14,"['supertrend', 'rsi']",2.5,5.0,10000,5035.81,-4964.19,-49.64,-49.74,-0.41,-0.03,-1.0,49.64,27,0.0,0.0,-183.86,-78.8,-358.45,0.00075,0.0005,23.45,-73.09
108,none,100,long_only,14,25,10,1.5,14,35,75,False,20,False,0.5,14,"['supertrend', 'rsi']",2.0,6.0,10000,5522.66,-4477.34,-44.77,-44.86,-0.43,-0.03,-1.0,44.77,30,0.0,0.0,-149.24,-69.1,-295.07,0.00075,0.0005,23.45,-68.22
109,none,100,long_only,14,25,10,2.0,14,25,65,False,20,False,0.5,14,"['supertrend', 'rsi']",2.0,4.0,10000,9021.92,-978.08,-9.78,-9.81,-0.14,-0.0,-1.0,9.78,3,0.0,0.0,-326.03,-218.59,-503.63,0.00075,0.0005,23.45,-33.23
110,none,100,long_only,14,25,10,2.0,14,25,65,False,20,False,0.5,14,"['supertrend', 'rsi']",2.5,5.0,10000,8795.51,-1204.49,-12.04,-12.08,-0.14,-0.0,-1.0,12.04,3,0.0,0.0,-401.5,-270.12,-619.27,0.00075,0.0005,23.45,-35.49
111,none,100,long_only,14,25,10,2.0,14,25,65,False,20,False,0.5,14,"['supertrend', 'rsi']",2.0,6.0,10000,9021.92,-978.08,-9.78,-9.81,-0.14,-0.0,-1.0,9.78,3,0.0,0.0,-326.03,-218.59,-503.63,0.00075,0.0005,23.45,-33.23
112,none,100,long_only,14,25,10,2.0,14,25,70,False,20,False,0.5,14,"['supertrend', 'rsi']",2.0,4.0,10000,9021.92,-978.08,-9.78,-9.81,-0.14,-0.0,-1.0,9.78,3,0.0,0.0,-326.03,-218.59,-503.63,0.00075,0.0005,23.45,-33.23
113,none,100,long_only,14,25,10,2.0,14,25,70,False,20,False,0.5,14,"['supertrend', 'rsi']",2.5,5.0,10000,8795.51,-1204.49,-12.04,-12.08,-0.14,-0.0,-1.0,12.04,3,0.0,0.0,-401.5,-270.12,-619.27,0.00075,0.0005,23.45,-35.49
114,none,100,long_only,14,25,10,2.0,14,25,70,False,20,False,0.5,14,"['supertrend', 'rsi']",2.0,6.0,10000,9021.92,-978.08,-9.78,-9.81,-0.14,-0.0,-1.0,9.78,3,0.0,0.0,-326.03,-218.59,-503.63,0.00075,0.0005,23.45,-33.23
115,none,100,long_only,14,25,10,2.0,14,25,75,False,20,False,0.5,14,"['supertrend', 'rsi']",2.0,4.0,10000,9021.92,-978.08,-9.78,-9.81,-0.14,-0.0,-1.0,9.78,3,0.0,0.0,-326.03,-218.59,-503.63,0.00075,0.0005,23.45,-33.23
116,none,100,long_only,14,25,10,2.0,14,25,75,False,20,False,0.5,14,"['supertrend', 'rsi']",2.5,5.0,10000,8795.51,-1204.49,-12.04,-12.08,-0.14,-0.0,-1.0,12.04,3,0.0,0.0,-401.5,-270.12,-619.27,0.00075,0.0005,23.45,-35.49
117,none,100,long_only,14,25,10,2.0,14,25,75,False,20,False,0.5,14,"['supertrend', 'rsi']",2.0,6.0,10000,9021.92,-978.08,-9.78,-9.81,-0.14,-0.0,-1.0,9.78,3,0.0,0.0,-326.03,-218.59,-503.63,0.00075,0.0005,23.45,-33.23
118,none,100,long_only,14,25,10,2.0,14,30,65,False,20,False,0.5,14,"['supertrend', 'rsi']",2.0,4.0,10000,8439.74,-1560.26,-15.6,-15.64,-0.2,-0.01,-1.0,15.6,7,0.0,0.0,-222.89,-94.96,-471.13,0.00075,0.0005,23.45,-39.05
119,none,100,long_only,14,25,10,2.0,14,30,65,False,20,False,0.5,14,"['supertrend', 'rsi']",2.5,5.0,10000,8269.13,-1730.87,-17.31,-17.35,-0.18,-0.0,-1.0,17.31,6,0.0,0.0,-288.48,-116.04,-582.21,0.00075,0.0005,23.45,-40.76
120,none,100,long_only,14,25,10,2.0,14,30,65,False,20,False,0.5,14,"['supertrend', 'rsi']",2.0,6.0,10000,8439.74,-1560.26,-15.6,-15.64,-0.2,-0.01,-1.0,15.6,7,0.0,0.0,-222.89,-94.96,-471.13,0.00075,0.0005,23.45,-39.05
121,none,100,long_only,14,25,10,2.0,14,30,70,False,20,False,0.5,14,"['supertrend', 'rsi']",2.0,4.0,10000,8439.74,-1560.26,-15.6,-15.64,-0.2,-0.01,-1.0,15.6,7,0.0,0.0,-222.89,-94.96,-471.13,0.00075,0.0005,23.45,-39.05
122,none,100,long_only,14,25,10,2.0,14,30,70,False,20,False,0.5,14,"['supertrend', 'rsi']",2.5,5.0,10000,8269.13,-1730.87,-17.31,-17.35,-0.18,-0.0,-1.0,17.31,6,0.0,0.0,-288.48,-116.04,-582.21,0.00075,0.0005,23.45,-40.76
123,none,100,long_only,14,25,10,2.0,14,30,70,False,20,False,0.5,14,"['supertrend', 'rsi']",2.0,6.0,10000,8439.74,-1560.26,-15.6,-15.64,-0.2,-0.01,-1.0,15.6,7,0.0,0.0,-222.89,-94.96,-471.13,0.00075,0.0005,23.45,-39.05
124,none,100,long_only,14,25,10,2.0,14,30,75,False,20,False,0.5,14,"['supertrend', 'rsi']",2.0,4.0,10000,8439.74,-1560.26,-15.6,-15.64,-0.2,-0.01,-1.0,15.6,7,0.0,0.0,-222.89,-94.96,-471.13,0.00075,0.0005,23.45,-39.05
125,none,100,long_only,14,25,10,2.0,14,30,75,False,20,False,0.5,14,"['supertrend', 'rsi']",2.5,5.0,10000,8269.13,-1730.87,-17.31,-17.35,-0.18,-0.0,-1.0,17.31,6,0.0,0.0,-288.48,-116.04,-582.21,0.00075,0.0005,23.45,-40.76
126,none,100,long_only,14,25,10,2.0,14,30,75,False,20,False,0.5,14,"['supertrend', 'rsi']",2.0,6.0,10000,8439.74,-1560.26,-15.6,-15.64,-0.2,-0.01,-1.0,15.6,7,0.0,0.0,-222.89,-94.96,-471.13,0.00075,0.0005,23.45,-39.05
127,none,100,long_only,14,25,10,2.0,14,35,65,False,20,False,0.5,14,"['supertrend', 'rsi']",2.0,4.0,10000,7252.91,-2747.09,-27.47,-27.53,-0.31,-0.01,-1.0,27.47,18,0.0,0.0,-152.62,-34.85,-404.88,0.00075,0.0005,23.45,-50.92
128,none,100,long_only,14,25,10,2.0,14,35,65,False,20,False,0.5,14,"['supertrend', 'rsi']",2.5,5.0,10000,7020.31,-2979.69,-29.8,-29.87,-0.29,-0.01,-1.0,29.8,16,0.0,0.0,-186.23,-40.49,-494.28,0.00075,0.0005,23.45,-53.25
129,none,100,long_only,14,25,10,2.0,14,35,65,False,20,False,0.5,14,"['supertrend', 'rsi']",2.0,6.0,10000,7252.91,-2747.09,-27.47,-27.53,-0.31,-0.01,-1.0,27.47,18,0.0,0.0,-152.62,-34.85,-404.88,0.00075,0.0005,23.45,-50.92
130,none,100,long_only,14,25,10,2.0,14,35,70,False,20,False,0.5,14,"['supertrend', 'rsi']",2.0,4.0,10000,7252.91,-2747.09,-27.47,-27.53,-0.31,-0.01,-1.0,27.47,18,0.0,0.0,-152.62,-34.85,-404.88,0.00075,0.0005,23.45,-50.92
131,none,100,long_only,14,25,10,2.0,14,35,70,False,20,False,0.5,14,"['supertrend', 'rsi']",2.5,5.0,10000,7020.31,-2979.69,-29.8,-29.87,-0.29,-0.01,-1.0,29.8,16,0.0,0.0,-186.23,-40.49,-494.28,0.00075,0.0005,23.45,-53.25
132,none,100,long_only,14,25,10,2.0,14,35,70,False,20,False,0.5,14,"['supertrend', 'rsi']",2.0,6.0,10000,7252.91,-2747.09,-27.47,-27.53,-0.31,-0.01,-1.0,27.47,18,0.0,0.0,-152.62,-34.85,-404.88,0.00075,0.0005,23.45,-50.92
133,none,100,long_only,14,25,10,2.0,14,35,75,False,20,False,0.5,14,"['supertrend', 'rsi']",2.0,4.0,10000,7252.91,-2747.09,-27.47,-27.53,-0.31,-0.01,-1.0,27.47,18,0.0,0.0,-152.62,-34.85,-404.88,0.00075,0.0005,23.45,-50.92
134,none,100,long_only,14,25,10,2.0,14,35,75,False,20,False,0.5,14,"['supertrend', 'rsi']",2.5,5.0,10000,7020.31,-2979.69,-29.8,-29.87,-0.29,-0.01,-1.0,29.8,16,0.0,0.0,-186.23,-40.49,-494.28,0.00075,0.0005,23.45,-53.25
135,none,100,long_only,14,25,10,2.0,14,35,75,False,20,False,0.5,14,"['supertrend', 'rsi']",2.0,6.0,10000,7252.91,-2747.09,-27.47,-27.53,-0.31,-0.01,-1.0,27.47,18,0.0,0.0,-152.62,-34.85,-404.88,0.00075,0.0005,23.45,-50.92
145,none,100,long_only,14,25,10,2.5,14,30,65,False,20,False,0.5,14,"['supertrend', 'rsi']",2.0,4.0,10000,9834.55,-165.45,-1.65,-1.66,-0.08,,-1.01,1.65,1,0.0,0.0,-165.45,-165.45,-165.45,0.00075,0.0005,23.45,-25.1
146,none,100,long_only,14,25,10,2.5,14,30,65,False,20,False,0.5,14,"['supertrend', 'rsi']",2.5,5.0,10000,9796.31,-203.69,-2.04,-2.04,-0.08,,-1.0,2.04,1,0.0,0.0,-203.69,-203.69,-203.69,0.00075,0.0005,23.45,-25.49
147,none,100,long_only,14,25,10,2.5,14,30,65,False,20,False,0.5,14,"['supertrend', 'rsi']",2.0,6.0,10000,9834.55,-165.45,-1.65,-1.66,-0.08,,-1.01,1.65,1,0.0,0.0,-165.45,-165.45,-165.45,0.00075,0.0005,23.45,-25.1
148,none,100,long_only,14,25,10,2.5,14,30,70,False,20,False,0.5,14,"['supertrend', 'rsi']",2.0,4.0,10000,9834.55,-165.45,-1.65,-1.66,-0.08,,-1.01,1.65,1,0.0,0.0,-165.45,-165.45,-165.45,0.00075,0.0005,23.45,-25.1
149,none,100,long_only,14,25,10,2.5,14,30,70,False,20,False,0.5,14,"['supertrend', 'rsi']",2.5,5.0,10000,9796.31,-203.69,-2.04,-2.04,-0.08,,-1.0,2.04,1,0.0,0.0,-203.69,-203.69,-203.69,0.00075,0.0005,23.45,-25.49
150,none,100,long_only,14,25,10,2.5,14,30,70,False,20,False,0.5,14,"['supertrend', 'rsi']",2.0,6.0,10000,9834.55,-165.45,-1.65,-1.66,-0.08,,-1.01,1.65,1,0.0,0.0,-165.45,-165.45,-165.45,0.00075,0.0005,23.45,-25.1
151,none,100,long_only,14,25,10,2.5,14,30,75,False,20,False,0.5,14,"['supertrend', 'rsi']",2.0,4.0,10000,9834.55,-165.45,-1.65,-1.66,-0.08,,-1.01,1.65,1,0.0,0.0,-165.45,-165.45,-165.45,0.00075,0.0005,23.45,-25.1
152,none,100,long_only,14,25,10,2.5,14,30,75,False,20,False,0.5,14,"['supertrend', 'rsi']",2.5,5.0,10000,9796.31,-203.69,-2.04,-2.04,-0.08,,-1.0,2.04,1,0.0,0.0,-203.69,-203.69,-203.69,0.00075,0.0005,23.45,-25.49
153,none,100,long_only,14,25,10,2.5,14,30,75,False,20,False,0.5,14,"['supertrend', 'rsi']",2.0,6.0,10000,9834.55,-165.45,-1.65,-1.66,-0.08,,-1.01,1.65,1,0.0,0.0,-165.45,-165.45,-165.45,0.00075,0.0005,23.45,-25.1
154,none,100,long_only,14,25,10,2.5,14,35,65,False,20,False,0.5,14,"['supertrend', 'rsi']",2.0,4.0,10000,9122.76,-877.24,-8.77,-8.8,-0.2,-0.01,-1.0,8.77,6,0.0,0.0,-146.21,-93.68,-174.99,0.00075,0.0005,23.45,-32.22
155,none,100,long_only,14,25,10,2.5,14,35,65,False,20,False,0.5,14,"['supertrend', 'rsi']",2.5,5.0,10000,8930.76,-1069.24,-10.69,-10.72,-0.2,-0.01,-1.0,10.69,6,0.0,0.0,-178.21,-112.07,-214.0,0.00075,0.0005,23.45,-34.14
156,none,100,long_only,14,25,10,2.5,14,35,65,False,20,False,0.5,14,"['supertrend', 'rsi']",2.0,6.0,10000,9122.76,-877.24,-8.77,-8.8,-0.2,-0.01,-1.0,8.77,6,0.0,0.0,-146.21,-93.68,-174.99,0.00075,0.0005,23.45,-32.22
157,none,100,long_only,14,25,10,2.5,14,35,70,False,20,False,0.5,14,"['supertrend', 'rsi']",2.0,4.0,10000,9122.76,-877.24,-8.77,-8.8,-0.2,-0.01,-1.0,8.77,6,0.0,0.0,-146.21,-93.68,-174.99,0.00075,0.0005,23.45,-32.22
158,none,100,long_only,14,25,10,2.5,14,35,70,False,20,False,0.5,14,"['supertrend', 'rsi']",2.5,5.0,10000,8930.76,-1069.24,-10.69,-10.72,-0.2,-0.01,-1.0,10.69,6,0.0,0.0,-178.21,-112.07,-214.0,0.00075,0.0005,23.45,-34.14
159,none,100,long_only,14,25,10,2.5,14,35,70,False,20,False,0.5,14,"['supertrend', 'rsi']",2.0,6.0,10000,9122.76,-877.24,-8.77,-8.8,-0.2,-0.01,-1.0,8.77,6,0.0,0.0,-146.21,-93.68,-174.99,0.00075,0.0005,23.45,-32.22
160,none,100,long_only,14,25,10,2.5,14,35,75,False,20,False,0.5,14,"['supertrend', 'rsi']",2.0,4.0,10000,9122.76,-877.24,-8.77,-8.8,-0.2,-0.01,-1.0,8.77,6,0.0,0.0,-146.21,-93.68,-174.99,0.00075,0.0005,23.45,-32.22
161,none,100,long_only,14,25,10,2.5,14,35,75,False,20,False,0.5,14,"['supertrend', 'rsi']",2.5,5.0,10000,8930.76,-1069.24,-10.69,-10.72,-0.2,-0.01,-1.0,10.69,6,0.0,0.0,-178.21,-112.07,-214.0,0.00075,0.0005,23.45,-34.14
162,none,100,long_only,14,25,10,2.5,14,35,75,False,20,False,0.5,14,"['supertrend', 'rsi']",2.0,6.0,10000,9122.76,-877.24,-8.77,-8.8,-0.2,-0.01,-1.0,8.77,6,0.0,0.0,-146.21,-93.68,-174.99,0.00075,0.0005,23.45,-32.22
163,none,100,long_only,14,25,14,1.5,14,25,65,False,20,False,0.5,14,"['supertrend', 'rsi']",2.0,4.0,10000,7890.21,-2109.79,-21.1,-21.15,-0.24,-0.01,-1.0,21.1,10,0.0,0.0,-210.98,-116.29,-440.45,0.00075,0.0005,23.45,-44.55
164,none,100,long_only,14,25,14,1.5,14,25,65,False,20,False,0.5,14,"['supertrend', 'rsi']",2.5,5.0,10000,7452.27,-2547.73,-25.48,-25.54,-0.24,-0.01,-1.0,25.48,10,0.0,0.0,-254.77,-137.1,-524.7,0.00075,0.0005,23.45,-48.93
165,none,100,long_only,14,25,14,1.5,14,25,65,False,20,False,0.5,14,"['supertrend', 'rsi']",2.0,6.0,10000,7890.21,-2109.79,-21.1,-21.15,-0.24,-0.01,-1.0,21.1,10,0.0,0.0,-210.98,-116.29,-440.45,0.00075,0.0005,23.45,-44.55
166,none,100,long_only,14,25,14,1.5,14,25,70,False,20,False,0.5,14,"['supertrend', 'rsi']",2.0,4.0,10000,7890.21,-2109.79,-21.1,-21.15,-0.24,-0.01,-1.0,21.1,10,0.0,0.0,-210.98,-116.29,-440.45,0.00075,0.0005,23.45,-44.55
167,none,100,long_only,14,25,14,1.5,14,25,70,False,20,False,0.5,14,"['supertrend', 'rsi']",2.5,5.0,10000,7452.27,-2547.73,-25.48,-25.54,-0.24,-0.01,-1.0,25.48,10,0.0,0.0,-254.77,-137.1,-524.7,0.00075,0.0005,23.45,-48.93
168,none,100,long_only,14,25,14,1.5,14,25,70,False,20,False,0.5,14,"['supertrend', 'rsi']",2.0,6.0,10000,7890.21,-2109.79,-21.1,-21.15,-0.24,-0.01,-1.0,21.1,10,0.0,0.0,-210.98,-116.29,-440.45,0.00075,0.0005,23.45,-44.55
169,none,100,long_only,14,25,14,1.5,14,25,75,False,20,False,0.5,14,"['supertrend', 'rsi']",2.0,4.0,10000,7890.21,-2109.79,-21.1,-21.15,-0.24,-0.01,-1.0,21.1,10,0.0,0.0,-210.98,-116.29,-440.45,0.00075,0.0005,23.45,-44.55
170,none,100,long_only,14,25,14,1.5,14,25,75,False,20,False,0.5,14,"['supertrend', 'rsi']",2.5,5.0,10000,7452.27,-2547.73,-25.48,-25.54,-0.24,-0.01,-1.0,25.48,10,0.0,0.0,-254.77,-137.1,-524.7,0.00075,0.0005,23.45,-48.93
171,none,100,long_only,14,25,14,1.5,14,25,75,False,20,False,0.5,14,"['supertrend', 'rsi']",2.0,6.0,10000,7890.21,-2109.79,-21.1,-21.15,-0.24,-0.01,-1.0,21.1,10,0.0,0.0,-210.98,-116.29,-440.45,0.00075,0.0005,23.45,-44.55
172,none,100,long_only,14,25,14,1.5,14,30,65,False,20,False,0.5,14,"['supertrend', 'rsi']",2.0,4.0,10000,8360.05,-1639.95,-16.4,-16.44,-0.26,-0.02,-1.0,16.4,10,0.0,0.0,-164.0,-87.76,-238.14,0.00075,0.0005,23.45,-39.85
173,none,100,long_only,14,25,14,1.5,14,30,65,False,20,False,0.5,14,"['supertrend', 'rsi']",2.5,5.0,10000,8148.64,-1851.36,-18.51,-18.56,-0.25,-0.01,-1.0,18.51,9,0.0,0.0,-205.71,-104.83,-294.55,0.00075,0.0005,23.45,-41.96
174,none,100,long_only,14,25,14,1.5,14,30,65,False,20,False,0.5,14,"['supertrend', 'rsi']",2.0,6.0,10000,8360.05,-1639.95,-16.4,-16.44,-0.26,-0.02,-1.0,16.4,10,0.0,0.0,-164.0,-87.76,-238.14,0.00075,0.0005,23.45,-39.85
175,none,100,long_only,14,25,14,1.5,14,30,70,False,20,False,0.5,14,"['supertrend', 'rsi']",2.0,4.0,10000,8360.05,-1639.95,-16.4,-16.44,-0.26,-0.02,-1.0,16.4,10,0.0,0.0,-164.0,-87.76,-238.14,0.00075,0.0005,23.45,-39.85
176,none,100,long_only,14,25,14,1.5,14,30,70,False,20,False,0.5,14,"['supertrend', 'rsi']",2.5,5.0,10000,8148.64,-1851.36,-18.51,-18.56,-0.25,-0.01,-1.0,18.51,9,0.0,0.0,-205.71,-104.83,-294.55,0.00075,0.0005,23.45,-41.96
177,none,100,long_only,14,25,14,1.5,14,30,70,False,20,False,0.5,14,"['supertrend', 'rsi']",2.0,6.0,10000,8360.05,-1639.95,-16.4,-16.44,-0.26,-0.02,-1.0,16.4,10,0.0,0.0,-164.0,-87.76,-238.14,0.00075,0.0005,23.45,-39.85
178,none,100,long_only,14,25,14,1.5,14,30,75,False,20,False,0.5,14,"['supertrend', 'rsi']",2.0,4.0,10000,8360.05,-1639.95,-16.4,-16.44,-0.26,-0.02,-1.0,16.4,10,0.0,0.0,-164.0,-87.76,-238.14,0.00075,0.0005,23.45,-39.85
179,none,100,long_only,14,25,14,1.5,14,30,75,False,20,False,0.5,14,"['supertrend', 'rsi']",2.5,5.0,10000,8148.64,-1851.36,-18.51,-18.56,-0.25,-0.01,-1.0,18.51,9,0.0,0.0,-205.71,-104.83,-294.55,0.00075,0.0005,23.45,-41.96
180,none,100,long_only,14,25,14,1.5,14,30,75,False,20,False,0.5,14,"['supertrend', 'rsi']",2.0,6.0,10000,8360.05,-1639.95,-16.4,-16.44,-0.26,-0.02,-1.0,16.4,10,0.0,0.0,-164.0,-87.76,-238.14,0.00075,0.0005,23.45,-39.85
181,none,100,long_only,14,25,14,1.5,14,35,65,False,20,False,0.5,14,"['supertrend', 'rsi']",2.0,4.0,10000,5721.53,-4278.47,-42.78,-42.87,-0.42,-0.03,-1.0,42.78,28,0.0,0.0,-152.8,-65.76,-282.61,0.00075,0.0005,23.45,-66.23
182,none,100,long_only,14,25,14,1.5,14,35,65,False,20,False,0.5,14,"['supertrend', 'rsi']",2.5,5.0,10000,5452.89,-4547.11,-45.47,-45.56,-0.38,-0.03,-1.0,45.47,23,0.0,0.0,-197.7,-76.81,-352.21,0.00075,0.0005,23.45,-68.92
183,none,100,long_only,14,25,14,1.5,14,35,65,False,20,False,0.5,14,"['supertrend', 'rsi']",2.0,6.0,10000,5721.53,-4278.47,-42.78,-42.87,-0.42,-0.03,-1.0,42.78,28,0.0,0.0,-152.8,-65.76,-282.61,0.00075,0.0005,23.45,-66.23
184,none,100,long_only,14,25,14,1.5,14,35,70,False,20,False,0.5,14,"['supertrend', 'rsi']",2.0,4.0,10000,5721.53,-4278.47,-42.78,-42.87,-0.42,-0.03,-1.0,42.78,28,0.0,0.0,-152.8,-65.76,-282.61,0.00075,0.0005,23.45,-66.23
185,none,100,long_only,14,25,14,1.5,14,35,70,False,20,False,0.5,14,"['supertrend', 'rsi']",2.5,5.0,10000,5452.89,-4547.11,-45.47,-45.56,-0.38,-0.03,-1.0,45.47,23,0.0,0.0,-197.7,-76.81,-352.21,0.00075,0.0005,23.45,-68.92
186,none,100,long_only,14,25,14,1.5,14,35,70,False,20,False,0.5,14,"['supertrend', 'rsi']",2.0,6.0,10000,5721.53,-4278.47,-42.78,-42.87,-0.42,-0.03,-1.0,42.78,28,0.0,0.0,-152.8,-65.76,-282.61,0.00075,0.0005,23.45,-66.23
187,none,100,long_only,14,25,14,1.5,14,35,75,False,20,False,0.5,14,"['supertrend', 'rsi']",2.0,4.0,10000,5721.53,-4278.47,-42.78,-42.87,-0.42,-0.03,-1.0,42.78,28,0.0,0.0,-152.8,-65.76,-282.61,0.00075,0.0005,23.45,-66.23
188,none,100,long_only,14,25,14,1.5,14,35,75,False,20,False,0.5,14,"['supertrend', 'rsi']",2.5,5.0,10000,5452.89,-4547.11,-45.47,-45.56,-0.38,-0.03,-1.0,45.47,23,0.0,0.0,-197.7,-76.81,-352.21,0.00075,0.0005,23.45,-68.92
189,none,100,long_only,14,25,14,1.5,14,35,75,False,20,False,0.5,14,"['supertrend', 'rsi']",2.0,6.0,10000,5721.53,-4278.47,-42.78,-42.87,-0.42,-0.03,-1.0,42.78,28,0.0,0.0,-152.8,-65.76,-282.61,0.00075,0.0005,23.45,-66.23
190,none,100,long_only,14,25,14,2.0,14,25,65,False,20,False,0.5,14,"['supertrend', 'rsi']",2.0,4.0,10000,8808.3,-1191.7,-11.92,-11.95,-0.16,-0.0,-1.0,11.92,4,0.0,0.0,-297.92,-213.42,-491.7,0.00075,0.0005,23.45,-35.37
191,none,100,long_only,14,25,14,2.0,14,25,65,False,20,False,0.5,14,"['supertrend', 'rsi']",2.5,5.0,10000,8537.94,-1462.06,-14.62,-14.66,-0.16,-0.0,-1.0,14.62,4,0.0,0.0,-365.52,-262.21,-601.14,0.00075,0.0005,23.45,-38.07
192,none,100,long_only,14,25,14,2.0,14,25,65,False,20,False,0.5,14,"['supertrend', 'rsi']",2.0,6.0,10000,8808.3,-1191.7,-11.92,-11.95,-0.16,-0.0,-1.0,11.92,4,0.0,0.0,-297.92,-213.42,-491.7,0.00075,0.0005,23.45,-35.37
193,none,100,long_only,14,25,14,2.0,14,25,70,False,20,False,0.5,14,"['supertrend', 'rsi']",2.0,4.0,10000,8808.3,-1191.7,-11.92,-11.95,-0.16,-0.0,-1.0,11.92,4,0.0,0.0,-297.92,-213.42,-491.7,0.00075,0.0005,23.45,-35.37
194,none,100,long_only,14,25,14,2.0,14,25,70,False,20,False,0.5,14,"['supertrend', 'rsi']",2.5,5.0,10000,8537.94,-1462.06,-14.62,-14.66,-0.16,-0.0,-1.0,14.62,4,0.0,0.0,-365.52,-262.21,-601.14,0.00075,0.0005,23.45,-38.07
195,none,100,long_only,14,25,14,2.0,14,25,70,False,20,False,0.5,14,"['supertrend', 'rsi']",2.0,6.0,10000,8808.3,-1191.7,-11.92,-11.95,-0.16,-0.0,-1.0,11.92,4,0.0,0.0,-297.92,-213.42,-491.7,0.00075,0.0005,23.45,-35.37
196,none,100,long_only,14,25,14,2.0,14,25,75,False,20,False,0.5,14,"['supertrend', 'rsi']",2.0,4.0,10000,8808.3,-1191.7,-11.92,-11.95,-0.16,-0.0,-1.0,11.92,4,0.0,0.0,-297.92,-213.42,-491.7,0.00075,0.0005,23.45,-35.37
197,none,100,long_only,14,25,14,2.0,14,25,75,False,20,False,0.5,14,"['supertrend', 'rsi']",2.5,5.0,10000,8537.94,-1462.06,-14.62,-14.66,-0.16,-0.0,-1.0,14.62,4,0.0,0.0,-365.52,-262.21,-601.14,0.00075,0.0005,23.45,-38.07
198,none,100,long_only,14,25,14,2.0,14,25,75,False,20,False,0.5,14,"['supertrend', 'rsi']",2.0,6.0,10000,8808.3,-1191.7,-11.92,-11.95,-0.16,-0.0,-1.0,11.92,4,0.0,0.0,-297.92,-213.42,-491.7,0.00075,0.0005,23.45,-35.37
199,none,100,long_only,14,25,14,2.0,14,30,65,False,20,False,0.5,14,"['supertrend', 'rsi']",2.0,4.0,10000,8413.91,-1586.09,-15.86,-15.9,-0.25,-0.02,-1.0,15.86,9,0.0,0.0,-176.23,-92.71,-236.78,0.00075,0.0005,23.45,-39.31
200,none,100,long_only,14,25,14,2.0,14,30,65,False,20,False,0.5,14,"['supertrend', 'rsi']",2.5,5.0,10000,8245.08,-1754.92,-17.55,-17.59,-0.23,-0.01,-1.0,17.55,8,0.0,0.0,-219.36,-112.64,-292.85,0.00075,0.0005,23.45,-41.0
201,none,100,long_only,14,25,14,2.0,14,30,65,False,20,False,0.5,14,"['supertrend', 'rsi']",2.0,6.0,10000,8413.91,-1586.09,-15.86,-15.9,-0.25,-0.02,-1.0,15.86,9,0.0,0.0,-176.23,-92.71,-236.78,0.00075,0.0005,23.45,-39.31
202,none,100,long_only,14,25,14,2.0,14,30,70,False,20,False,0.5,14,"['supertrend', 'rsi']",2.0,4.0,10000,8413.91,-1586.09,-15.86,-15.9,-0.25,-0.02,-1.0,15.86,9,0.0,0.0,-176.23,-92.71,-236.78,0.00075,0.0005,23.45,-39.31
203,none,100,long_only,14,25,14,2.0,14,30,70,False,20,False,0.5,14,"['supertrend', 'rsi']",2.5,5.0,10000,8245.08,-1754.92,-17.55,-17.59,-0.23,-0.01,-1.0,17.55,8,0.0,0.0,-219.36,-112.64,-292.85,0.00075,0.0005,23.45,-41.0
204,none,100,long_only,14,25,14,2.0,14,30,70,False,20,False,0.5,14,"['supertrend', 'rsi']",2.0,6.0,10000,8413.91,-1586.09,-15.86,-15.9,-0.25,-0.02,-1.0,15.86,9,0.0,0.0,-176.23,-92.71,-236.78,0.00075,0.0005,23.45,-39.31
205,none,100,long_only,14,25,14,2.0,14,30,75,False,20,False,0.5,14,"['supertrend', 'rsi']",2.0,4.0,10000,8413.91,-1586.09,-15.86,-15.9,-0.25,-0.02,-1.0,15.86,9,0.0,0.0,-176.23,-92.71,-236.78,0.00075,0.0005,23.45,-39.31
206,none,100,long_only,14,25,14,2.0,14,30,75,False,20,False,0.5,14,"['supertrend', 'rsi']",2.5,5.0,10000,8245.08,-1754.92,-17.55,-17.59,-0.23,-0.01,-1.0,17.55,8,0.0,0.0,-219.36,-112.64,-292.85,0.00075,0.0005,23.45,-41.0
207,none,100,long_only,14,25,14,2.0,14,30,75,False,20,False,0.5,14,"['supertrend', 'rsi']",2.0,6.0,10000,8413.91,-1586.09,-15.86,-15.9,-0.25,-0.02,-1.0,15.86,9,0.0,0.0,-176.23,-92.71,-236.78,0.00075,0.0005,23.45,-39.31
208,none,100,long_only,14,25,14,2.0,14,35,65,False,20,False,0.5,14,"['supertrend', 'rsi']",2.0,4.0,10000,7761.11,-2238.89,-22.39,-22.44,-0.31,-0.03,-1.0,22.39,14,0.0,0.0,-159.92,-87.0,-211.64,0.00075,0.0005,23.45,-45.84
209,none,100,long_only,14,25,14,2.0,14,35,65,False,20,False,0.5,14,"['supertrend', 'rsi']",2.5,5.0,10000,7634.12,-2365.88,-23.66,-23.72,-0.29,-0.02,-1.0,23.66,12,0.0,0.0,-197.16,-106.54,-260.64,0.00075,0.0005,23.45,-47.11
210,none,100,long_only,14,25,14,2.0,14,35,65,False,20,False,0.5,14,"['supertrend', 'rsi']",2.0,6.0,10000,7761.11,-2238.89,-22.39,-22.44,-0.31,-0.03,-1.0,22.39,14,0.0,0.0,-159.92,-87.0,-211.64,0.00075,0.0005,23.45,-45.84
211,none,100,long_only,14,25,14,2.0,14,35,70,False,20,False,0.5,14,"['supertrend', 'rsi']",2.0,4.0,10000,7761.11,-2238.89,-22.39,-22.44,-0.31,-0.03,-1.0,22.39,14,0.0,0.0,-159.92,-87.0,-211.64,0.00075,0.0005,23.45,-45.84
212,none,100,long_only,14,25,14,2.0,14,35,70,False,20,False,0.5,14,"['supertrend', 'rsi']",2.5,5.0,10000,7634.12,-2365.88,-23.66,-23.72,-0.29,-0.02,-1.0,23.66,12,0.0,0.0,-197.16,-106.54,-260.64,0.00075,0.0005,23.45,-47.11
213,none,100,long_only,14,25,14,2.0,14,35,70,False,20,False,0.5,14,"['supertrend', 'rsi']",2.0,6.0,10000,7761.11,-2238.89,-22.39,-22.44,-0.31,-0.03,-1.0,22.39,14,0.0,0.0,-159.92,-87.0,-211.64,0.00075,0.0005,23.45,-45.84
214,none,100,long_only,14,25,14,2.0,14,35,75,False,20,False,0.5,14,"['supertrend', 'rsi']",2.0,4.0,10000,7761.11,-2238.89,-22.39,-22.44,-0.31,-0.03,-1.0,22.39,14,0.0,0.0,-159.92,-87.0,-211.64,0.00075,0.0005,23.45,-45.84
215,none,100,long_only,14,25,14,2.0,14,35,75,False,20,False,0.5,14,"['supertrend', 'rsi']",2.5,5.0,10000,7634.12,-2365.88,-23.66,-23.72,-0.29,-0.02,-1.0,23.66,12,0.0,0.0,-197.16,-106.54,-260.64,0.00075,0.0005,23.45,-47.11
216,none,100,long_only,14,25,14,2.0,14,35,75,False,20,False,0.5,14,"['supertrend', 'rsi']",2.0,6.0,10000,7761.11,-2238.89,-22.39,-22.44,-0.31,-0.03,-1.0,22.39,14,0.0,0.0,-159.92,-87.0,-211.64,0.00075,0.0005,23.45,-45.84
226,none,100,long_only,14,25,14,2.5,14,30,65,False,20,False,0.5,14,"['supertrend', 'rsi']",2.0,4.0,10000,9658.84,-341.16,-3.41,-3.42,-0.12,-0.02,-1.0,3.41,2,0.0,0.0,-170.58,-165.45,-175.7,0.00075,0.0005,23.45,-26.86
227,none,100,long_only,14,25,14,2.5,14,30,65,False,20,False,0.5,14,"['supertrend', 'rsi']",2.5,5.0,10000,9580.59,-419.41,-4.19,-4.21,-0.12,-0.02,-1.0,4.19,2,0.0,0.0,-209.7,-203.69,-215.71,0.00075,0.0005,23.45,-27.64
228,none,100,long_only,14,25,14,2.5,14,30,65,False,20,False,0.5,14,"['supertrend', 'rsi']",2.0,6.0,10000,9658.84,-341.16,-3.41,-3.42,-0.12,-0.02,-1.0,3.41,2,0.0,0.0,-170.58,-165.45,-175.7,0.00075,0.0005,23.45,-26.86
229,none,100,long_only,14,25,14,2.5,14,30,70,False,20,False,0.5,14,"['supertrend', 'rsi']",2.0,4.0,10000,9658.84,-341.16,-3.41,-3.42,-0.12,-0.02,-1.0,3.41,2,0.0,0.0,-170.58,-165.45,-175.7,0.00075,0.0005,23.45,-26.86
230,none,100,long_only,14,25,14,2.5,14,30,70,False,20,False,0.5,14,"['supertrend', 'rsi']",2.5,5.0,10000,9580.59,-419.41,-4.19,-4.21,-0.12,-0.02,-1.0,4.19,2,0.0,0.0,-209.7,-203.69,-215.71,0.00075,0.0005,23.45,-27.64
231,none,100,long_only,14,25,14,2.5,14,30,70,False,20,False,0.5,14,"['supertrend', 'rsi']",2.0,6.0,10000,9658.84,-341.16,-3.41,-3.42,-0.12,-0.02,-1.0,3.41,2,0.0,0.0,-170.58,-165.45,-175.7,0.00075,0.0005,23.45,-26.86
232,none,100,long_only,14,25,14,2.5,14,30,75,False,20,False,0.5,14,"['supertrend', 'rsi']",2.0,4.0,10000,9658.84,-341.16,-3.41,-3.42,-0.12,-0.02,-1.0,3.41,2,0.0,0.0,-170.58,-165.45,-175.7,0.00075,0.0005,23.45,-26.86
233,none,100,long_only,14,25,14,2.5,14,30,75,False,20,False,0.5,14,"['supertrend', 'rsi']",2.5,5.0,10000,9580.59,-419.41,-4.19,-4.21,-0.12,-0.02,-1.0,4.19,2,0.0,0.0,-209.7,-203.69,-215.71,0.00075,0.0005,23.45,-27.64
234,none,100,long_only,14,25,14,2.5,14,30,75,False,20,False,0.5,14,"['supertrend', 'rsi']",2.0,6.0,10000,9658.84,-341.16,-3.41,-3.42,-0.12,-0.02,-1.0,3.41,2,0.0,0.0,-170.58,-165.45,-175.7,0.00075,0.0005,23.45,-26.86
235,none,100,long_only,14,25,14,2.5,14,35,65,False,20,False,0.5,14,"['supertrend', 'rsi']",2.0,4.0,10000,8795.63,-1204.37,-12.04,-12.07,-0.24,-0.02,-1.0,12.04,8,0.0,0.0,-150.55,-90.32,-174.99,0.00075,0.0005,23.45,-35.49
236,none,100,long_only,14,25,14,2.5,14,35,65,False,20,False,0.5,14,"['supertrend', 'rsi']",2.5,5.0,10000,8536.82,-1463.18,-14.63,-14.67,-0.24,-0.02,-1.0,14.63,8,0.0,0.0,-182.9,-107.13,-214.0,0.00075,0.0005,23.45,-38.08
237,none,100,long_only,14,25,14,2.5,14,35,65,False,20,False,0.5,14,"['supertrend', 'rsi']",2.0,6.0,10000,8795.63,-1204.37,-12.04,-12.07,-0.24,-0.02,-1.0,12.04,8,0.0,0.0,-150.55,-90.32,-174.99,0.00075,0.0005,23.45,-35.49
238,none,100,long_only,14,25,14,2.5,14,35,70,False,20,False,0.5,14,"['supertrend', 'rsi']",2.0,4.0,10000,8795.63,-1204.37,-12.04,-12.07,-0.24,-0.02,-1.0,12.04,8,0.0,0.0,-150.55,-90.32,-174.99,0.00075,0.0005,23.45,-35.49
239,none,100,long_only,14,25,14,2.5,14,35,70,False,20,False,0.5,14,"['supertrend', 'rsi']",2.5,5.0,10000,8536.82,-1463.18,-14.63,-14.67,-0.24,-0.02,-1.0,14.63,8,0.0,0.0,-182.9,-107.13,-214.0,0.00075,0.0005,23.45,-38.08
240,none,100,long_only,14,25,14,2.5,14,35,70,False,20,False,0.5,14,"['supertrend', 'rsi']",2.0,6.0,10000,8795.63,-1204.37,-12.04,-12.07,-0.24,-0.02,-1.0,12.04,8,0.0,0.0,-150.55,-90.32,-174.99,0.00075,0.0005,23.45,-35.49
241,none,100,long_only,14,25,14,2.5,14,35,75,False,20,False,0.5,14,"['supertrend', 'rsi']",2.0,4.0,10000,8795.63,-1204.37,-12.04,-12.07,-0.24,-0.02,-1.0,12.04,8,0.0,0.0,-150.55,-90.32,-174.99,0.00075,0.0005,23.45,-35.49
242,none,100,long_only,14,25,14,2.5,14,35,75,False,20,False,0.5,14,"['supertrend', 'rsi']",2.5,5.0,10000,8536.82,-1463.18,-14.63,-14.67,-0.24,-0.02,-1.0,14.63,8,0.0,0.0,-182.9,-107.13,-214.0,0.00075,0.0005,23.45,-38.08
243,none,100,long_only,14,25,14,2.5,14,35,75,False,20,False,0.5,14,"['supertrend', 'rsi']",2.0,6.0,10000,8795.63,-1204.37,-12.04,-12.07,-0.24,-0.02,-1.0,12.04,8,0.0,0.0,-150.55,-90.32,-174.99,0.00075,0.0005,23.45,-35.49
244,none,100,hybrid,14,25,7,1.5,14,25,65,False,20,False,0.5,14,"['supertrend', 'rsi']",2.0,4.0,10000,11644.25,1644.25,16.44,16.49,0.05,0.03,0.83,19.93,39,10.26,1.35,42.16,2363.29,-234.12,0.00075,0.0005,23.45,-7.01
245,none,100,hybrid,14,25,7,1.5,14,25,65,False,20,False,0.5,14,"['supertrend', 'rsi']",2.5,5.0,10000,13234.39,3234.39,32.34,32.45,0.07,0.04,1.4,23.17,37,13.51,1.63,87.42,2351.82,-276.74,0.00075,0.0005,23.45,8.89
246,none,100,hybrid,14,25,7,1.5,14,25,65,False,20,False,0.5,14,"['supertrend', 'rsi']",2.0,6.0,10000,11644.25,1644.25,16.44,16.49,0.05,0.03,0.83,19.93,39,10.26,1.35,42.16,2363.29,-234.12,0.00075,0.0005,23.45,-7.01
247,none,100,hybrid,14,25,7,1.5,14,25,70,False,20,False,0.5,14,"['supertrend', 'rsi']",2.0,4.0,10000,10247.81,247.81,2.48,2.48,0.02,0.01,0.15,17.04,18,11.11,1.1,13.77,1830.43,-211.73,0.00075,0.0005,23.45,-20.97
248,none,100,hybrid,14,25,7,1.5,14,25,70,False,20,False,0.5,14,"['supertrend', 'rsi']",2.5,5.0,10000,9644.81,-355.19,-3.55,-3.56,-0.0,-0.0,-0.17,20.59,18,11.11,0.88,-19.73,1730.32,-259.71,0.00075,0.0005,23.45,-27.0
249,none,100,hybrid,14,25,7,1.5,14,25,70,False,20,False,0.5,14,"['supertrend', 'rsi']",2.0,6.0,10000,10247.81,247.81,2.48,2.48,0.02,0.01,0.15,17.04,18,11.11,1.1,13.77,1830.43,-211.73,0.00075,0.0005,23.45,-20.97
250,none,100,hybrid,14,25,7,1.5,14,25,75,False,20,False,0.5,14,"['supertrend', 'rsi']",2.0,4.0,10000,10935.42,935.42,9.35,9.38,0.07,0.01,2.26,4.16,5,40.0,2.67,187.08,922.64,-218.59,0.00075,0.0005,23.45,-14.1
251,none,100,hybrid,14,25,7,1.5,14,25,75,False,20,False,0.5,14,"['supertrend', 'rsi']",2.5,5.0,10000,10791.01,791.01,7.91,7.93,0.06,0.01,1.55,5.12,5,40.0,2.15,158.2,913.35,-270.12,0.00075,0.0005,23.45,-15.54
252,none,100,hybrid,14,25,7,1.5,14,25,75,False,20,False,0.5,14,"['supertrend', 'rsi']",2.0,6.0,10000,10935.42,935.42,9.35,9.38,0.07,0.01,2.26,4.16,5,40.0,2.67,187.08,922.64,-218.59,0.00075,0.0005,23.45,-14.1
253,none,100,hybrid,14,25,7,1.5,14,30,65,False,20,False,0.5,14,"['supertrend', 'rsi']",2.0,4.0,10000,18753.16,8753.16,87.53,87.86,0.14,0.08,5.8,15.14,51,21.57,2.22,171.63,3273.72,-360.68,0.00075,0.0005,23.45,64.08
254,none,100,hybrid,14,25,7,1.5,14,30,65,False,20,False,0.5,14,"['supertrend', 'rsi']",2.5,5.0,10000,20714.89,10714.89,107.15,107.56,0.14,0.07,5.77,18.64,50,24.0,2.38,214.3,3681.15,-396.89,0.00075,0.0005,23.45,83.7
255,none,100,hybrid,14,25,7,1.5,14,30,65,False,20,False,0.5,14,"['supertrend', 'rsi']",2.0,6.0,10000,18753.16,8753.16,87.53,87.86,0.14,0.08,5.8,15.14,51,21.57,2.22,171.63,3273.72,-360.68,0.00075,0.0005,23.45,64.08
256,none,100,hybrid,14,25,7,1.5,14,30,70,False,20,False,0.5,14,"['supertrend', 'rsi']",2.0,4.0,10000,11799.79,1799.79,18.0,18.05,0.05,0.03,0.64,28.01,28,14.29,1.53,64.28,2056.16,-211.54,0.00075,0.0005,23.45,-5.45
257,none,100,hybrid,14,25,7,1.5,14,30,70,False,20,False,0.5,14,"['supertrend', 'rsi']",2.5,5.0,10000,13306.29,3306.29,33.06,33.17,0.08,0.03,1.62,20.47,25,24.0,1.92,132.25,2349.99,-277.14,0.00075,0.0005,23.45,9.61
258,none,100,hybrid,14,25,7,1.5,14,30,70,False,20,False,0.5,14,"['supertrend', 'rsi']",2.0,6.0,10000,11799.79,1799.79,18.0,18.05,0.05,0.03,0.64,28.01,28,14.29,1.53,64.28,2056.16,-211.54,0.00075,0.0005,23.45,-5.45
259,none,100,hybrid,14,25,7,1.5,14,30,75,False,20,False,0.5,14,"['supertrend', 'rsi']",2.0,4.0,10000,16914.1,6914.1,69.14,69.39,0.08,0.09,4.12,16.84,13,15.38,5.11,531.85,7797.24,-214.37,0.00075,0.0005,23.45,45.69
260,none,100,hybrid,14,25,7,1.5,14,30,75,False,20,False,0.5,14,"['supertrend', 'rsi']",2.5,5.0,10000,16812.97,6812.97,68.13,68.37,0.07,0.07,3.95,17.33,11,18.18,4.93,619.36,7750.62,-264.84,0.00075,0.0005,23.45,44.68
261,none,100,hybrid,14,25,7,1.5,14,30,75,False,20,False,0.5,14,"['supertrend', 'rsi']",2.0,6.0,10000,16914.1,6914.1,69.14,69.39,0.08,0.09,4.12,16.84,13,15.38,5.11,531.85,7797.24,-214.37,0.00075,0.0005,23.45,45.69
262,none,100,hybrid,14,25,7,1.5,14,35,65,False,20,False,0.5,14,"['supertrend', 'rsi']",2.0,4.0,10000,17676.05,7676.05,76.76,77.04,0.13,0.07,5.81,13.27,86,22.09,1.68,89.26,2737.75,-378.41,0.00075,0.0005,23.45,53.31
263,none,100,hybrid,14,25,7,1.5,14,35,65,False,20,False,0.5,14,"['supertrend', 'rsi']",2.5,5.0,10000,17273.7,7273.7,72.74,73.0,0.13,0.05,5.02,14.54,79,27.85,1.61,92.07,2590.71,-440.53,0.00075,0.0005,23.45,49.29
264,none,100,hybrid,14,25,7,1.5,14,35,65,False,20,False,0.5,14,"['supertrend', 'rsi']",2.0,6.0,10000,17676.05,7676.05,76.76,77.04,0.13,0.07,5.81,13.27,86,22.09,1.68,89.26,2737.75,-378.41,0.00075,0.0005,23.45,53.31
265,none,100,hybrid,14,25,7,1.5,14,35,70,False,20,False,0.5,14,"['supertrend', 'rsi']",2.0,4.0,10000,10510.89,510.89,5.11,5.12,0.03,0.01,0.15,34.44,55,12.73,1.08,9.29,1937.11,-304.72,0.00075,0.0005,23.45,-18.34
266,none,100,hybrid,14,25,7,1.5,14,35,70,False,20,False,0.5,14,"['supertrend', 'rsi']",2.5,5.0,10000,11340.8,1340.8,13.41,13.45,0.04,0.01,0.54,24.97,49,18.37,1.18,27.36,2198.24,-389.93,0.00075,0.0005,23.45,-10.04
267,none,100,hybrid,14,25,7,1.5,14,35,70,False,20,False,0.5,14,"['supertrend', 'rsi']",2.0,6.0,10000,10510.89,510.89,5.11,5.12,0.03,0.01,0.15,34.44,55,12.73,1.08,9.29,1937.11,-304.72,0.00075,0.0005,23.45,-18.34
268,none,100,hybrid,14,25,7,1.5,14,35,75,False,20,False,0.5,14,"['supertrend', 'rsi']",2.0,4.0,10000,12255.21,2255.21,22.55,22.62,0.04,0.03,0.64,35.4,28,7.14,1.58,80.54,5712.17,-308.8,0.00075,0.0005,23.45,-0.9
269,none,100,hybrid,14,25,7,1.5,14,35,75,False,20,False,0.5,14,"['supertrend', 'rsi']",2.5,5.0,10000,12536.2,2536.2,25.36,25.44,0.05,0.02,0.76,33.33,20,10.0,1.68,126.81,5857.53,-379.24,0.00075,0.0005,23.45,1.91
270,none,100,hybrid,14,25,7,1.5,14,35,75,False,20,False,0.5,14,"['supertrend', 'rsi']",2.0,6.0,10000,12255.21,2255.21,22.55,22.62,0.04,0.03,0.64,35.4,28,7.14,1.58,80.54,5712.17,-308.8,0.00075,0.0005,23.45,-0.9
271,none,100,hybrid,14,25,7,2.0,14,25,65,False,20,False,0.5,14,"['supertrend', 'rsi']",2.0,4.0,10000,9161.85,-838.15,-8.38,-8.4,-0.06,-0.01,-0.55,15.32,14,7.14,0.49,-59.87,815.17,-217.78,0.00075,0.0005,23.45,-31.83
272,none,100,hybrid,14,25,7,2.0,14,25,65,False,20,False,0.5,14,"['supertrend', 'rsi']",2.5,5.0,10000,8792.46,-1207.54,-12.08,-12.11,-0.09,-0.01,-0.65,18.49,14,7.14,0.39,-86.25,784.66,-263.59,0.00075,0.0005,23.45,-35.53
273,none,100,hybrid,14,25,7,2.0,14,25,65,False,20,False,0.5,14,"['supertrend', 'rsi']",2.0,6.0,10000,9161.85,-838.15,-8.38,-8.4,-0.06,-0.01,-0.55,15.32,14,7.14,0.49,-59.87,815.17,-217.78,0.00075,0.0005,23.45,-31.83
274,none,100,hybrid,14,25,7,2.0,14,25,70,False,20,False,0.5,14,"['supertrend', 'rsi']",2.0,4.0,10000,10534.77,534.77,5.35,5.36,0.05,0.0,1.38,3.9,3,33.33,2.37,178.26,925.08,-236.13,0.00075,0.0005,23.45,-18.1
275,none,100,hybrid,14,25,7,2.0,14,25,70,False,20,False,0.5,14,"['supertrend', 'rsi']",2.5,5.0,10000,10435.74,435.74,4.36,4.37,0.04,0.0,0.91,4.81,3,33.33,1.91,145.25,916.39,-291.04,0.00075,0.0005,23.45,-19.09
276,none,100,hybrid,14,25,7,2.0,14,25,70,False,20,False,0.5,14,"['supertrend', 'rsi']",2.0,6.0,10000,10534.77,534.77,5.35,5.36,0.05,0.0,1.38,3.9,3,33.33,2.37,178.26,925.08,-236.13,0.00075,0.0005,23.45,-18.1
280,none,100,hybrid,14,25,7,2.0,14,30,65,False,20,False,0.5,14,"['supertrend', 'rsi']",2.0,4.0,10000,9010.26,-989.74,-9.9,-9.92,-0.08,-0.01,-0.59,16.72,15,6.67,0.45,-65.98,801.69,-214.18,0.00075,0.0005,23.45,-33.35
281,none,100,hybrid,14,25,7,2.0,14,30,65,False,20,False,0.5,14,"['supertrend', 'rsi']",2.5,5.0,10000,8613.36,-1386.64,-13.87,-13.9,-0.1,-0.01,-0.69,20.15,15,6.67,0.36,-92.44,768.67,-258.22,0.00075,0.0005,23.45,-37.32
282,none,100,hybrid,14,25,7,2.0,14,30,65,False,20,False,0.5,14,"['supertrend', 'rsi']",2.0,6.0,10000,9010.26,-989.74,-9.9,-9.92,-0.08,-0.01,-0.59,16.72,15,6.67,0.45,-65.98,801.69,-214.18,0.00075,0.0005,23.45,-33.35
283,none,100,hybrid,14,25,7,2.0,14,30,70,False,20,False,0.5,14,"['supertrend', 'rsi']",2.0,4.0,10000,10360.46,360.46,3.6,3.61,0.03,0.0,0.66,5.49,4,25.0,1.66,90.12,909.78,-232.22,0.00075,0.0005,23.45,-19.85
284,none,100,hybrid,14,25,7,2.0,14,30,70,False,20,False,0.5,14,"['supertrend', 'rsi']",2.5,5.0,10000,10223.17,223.17,2.23,2.24,0.02,0.0,0.33,6.75,4,25.0,1.33,55.79,897.72,-285.11,0.00075,0.0005,23.45,-21.22
285,none,100,hybrid,14,25,7,2.0,14,30,70,False,20,False,0.5,14,"['supertrend', 'rsi']",2.0,6.0,10000,10360.46,360.46,3.6,3.61,0.03,0.0,0.66,5.49,4,25.0,1.66,90.12,909.78,-232.22,0.00075,0.0005,23.45,-19.85
286,none,100,hybrid,14,25,7,2.0,14,30,75,False,20,False,0.5,14,"['supertrend', 'rsi']",2.0,4.0,10000,10781.28,781.28,7.81,7.84,0.07,,4.75,1.65,2,50.0,5.72,390.64,946.73,-165.45,0.00075,0.0005,23.45,-15.64
287,none,100,hybrid,14,25,7,2.0,14,30,75,False,20,False,0.5,14,"['supertrend', 'rsi']",2.5,5.0,10000,10739.36,739.36,7.39,7.41,0.07,,3.63,2.04,2,50.0,4.63,369.68,943.05,-203.69,0.00075,0.0005,23.45,-16.06
288,none,100,hybrid,14,25,7,2.0,14,30,75,False,20,False,0.5,14,"['supertrend', 'rsi']",2.0,6.0,10000,10781.28,781.28,7.81,7.84,0.07,,4.75,1.65,2,50.0,5.72,390.64,946.73,-165.45,0.00075,0.0005,23.45,-15.64
289,none,100,hybrid,14,25,7,2.0,14,35,65,False,20,False,0.5,14,"['supertrend', 'rsi']",2.0,4.0,10000,9282.39,-717.61,-7.18,-7.2,-0.03,-0.01,-0.33,21.75,23,8.7,0.72,-31.2,1132.96,-201.26,0.00075,0.0005,23.45,-30.63
290,none,100,hybrid,14,25,7,2.0,14,35,65,False,20,False,0.5,14,"['supertrend', 'rsi']",2.5,5.0,10000,8673.35,-1326.65,-13.27,-13.3,-0.06,-0.01,-0.51,26.04,23,8.7,0.57,-57.68,1060.58,-239.17,0.00075,0.0005,23.45,-36.72
291,none,100,hybrid,14,25,7,2.0,14,35,65,False,20,False,0.5,14,"['supertrend', 'rsi']",2.0,6.0,10000,9282.39,-717.61,-7.18,-7.2,-0.03,-0.01,-0.33,21.75,23,8.7,0.72,-31.2,1132.96,-201.26,0.00075,0.0005,23.45,-30.63
292,none,100,hybrid,14,25,7,2.0,14,35,70,False,20,False,0.5,14,"['supertrend', 'rsi']",2.0,4.0,10000,10765.64,765.64,7.66,7.68,0.04,0.01,0.69,11.19,11,18.18,1.55,69.6,1302.74,-218.22,0.00075,0.0005,23.45,-15.79
293,none,100,hybrid,14,25,7,2.0,14,35,70,False,20,False,0.5,14,"['supertrend', 'rsi']",2.5,5.0,10000,10402.57,402.57,4.03,4.04,0.03,0.01,0.3,13.63,11,18.18,1.24,36.6,1258.8,-264.07,0.00075,0.0005,23.45,-19.42
294,none,100,hybrid,14,25,7,2.0,14,35,70,False,20,False,0.5,14,"['supertrend', 'rsi']",2.0,6.0,10000,10765.64,765.64,7.66,7.68,0.04,0.01,0.69,11.19,11,18.18,1.55,69.6,1302.74,-218.22,0.00075,0.0005,23.45,-15.79
295,none,100,hybrid,14,25,7,2.0,14,35,75,False,20,False,0.5,14,"['supertrend', 'rsi']",2.0,4.0,10000,9747.16,-252.84,-2.53,-2.54,-0.02,-0.0,-0.33,7.59,9,11.11,0.78,-28.09,889.62,-173.22,0.00075,0.0005,23.45,-25.98
296,none,100,hybrid,14,25,7,2.0,14,35,75,False,20,False,0.5,14,"['supertrend', 'rsi']",2.5,5.0,10000,9486.4,-513.6,-5.14,-5.15,-0.04,-0.01,-0.56,9.27,9,11.11,0.63,-57.07,873.45,-211.36,0.00075,0.0005,23.45,-28.59
297,none,100,hybrid,14,25,7,2.0,14,35,75,False,20,False,0.5,14,"['supertrend', 'rsi']",2.0,6.0,10000,9747.16,-252.84,-2.53,-2.54,-0.02,-0.0,-0.33,7.59,9,11.11,0.78,-28.09,889.62,-173.22,0.00075,0.0005,23.45,-25.98
298,none,100,hybrid,14,25,7,2.5,14,25,65,False,20,False,0.5,14,"['supertrend', 'rsi']",2.0,4.0,10000,9325.51,-674.49,-6.74,-6.76,-0.17,-0.01,-1.0,6.74,4,0.0,0.0,-168.62,-136.04,-232.49,0.00075,0.0005,23.45,-30.19
299,none,100,hybrid,14,25,7,2.5,14,25,65,False,20,False,0.5,14,"['supertrend', 'rsi']",2.5,5.0,10000,9173.98,-826.02,-8.26,-8.28,-0.17,-0.01,-1.0,8.26,4,0.0,0.0,-206.5,-164.93,-285.52,0.00075,0.0005,23.45,-31.71
300,none,100,hybrid,14,25,7,2.5,14,25,65,False,20,False,0.5,14,"['supertrend', 'rsi']",2.0,6.0,10000,9325.51,-674.49,-6.74,-6.76,-0.17,-0.01,-1.0,6.74,4,0.0,0.0,-168.62,-136.04,-232.49,0.00075,0.0005,23.45,-30.19
301,none,100,hybrid,14,25,7,2.5,14,25,70,False,20,False,0.5,14,"['supertrend', 'rsi']",2.0,4.0,10000,9609.68,-390.32,-3.9,-3.91,-0.12,-0.0,-1.0,3.9,2,0.0,0.0,-195.16,-154.19,-236.13,0.00075,0.0005,23.45,-27.35
302,none,100,hybrid,14,25,7,2.5,14,25,70,False,20,False,0.5,14,"['supertrend', 'rsi']",2.5,5.0,10000,9519.35,-480.65,-4.81,-4.82,-0.12,-0.0,-1.0,4.81,2,0.0,0.0,-240.32,-189.61,-291.04,0.00075,0.0005,23.45,-28.26
303,none,100,hybrid,14,25,7,2.5,14,25,70,False,20,False,0.5,14,"['supertrend', 'rsi']",2.0,6.0,10000,9609.68,-390.32,-3.9,-3.91,-0.12,-0.0,-1.0,3.9,2,0.0,0.0,-195.16,-154.19,-236.13,0.00075,0.0005,23.45,-27.35
307,none,100,hybrid,14,25,7,2.5,14,30,65,False,20,False,0.5,14,"['supertrend', 'rsi']",2.0,4.0,10000,9325.51,-674.49,-6.74,-6.76,-0.17,-0.01,-1.0,6.74,4,0.0,0.0,-168.62,-136.04,-232.49,0.00075,0.0005,23.45,-30.19
308,none,100,hybrid,14,25,7,2.5,14,30,65,False,20,False,0.5,14,"['supertrend', 'rsi']",2.5,5.0,10000,9173.98,-826.02,-8.26,-8.28,-0.17,-0.01,-1.0,8.26,4,0.0,0.0,-206.5,-164.93,-285.52,0.00075,0.0005,23.45,-31.71
309,none,100,hybrid,14,25,7,2.5,14,30,65,False,20,False,0.5,14,"['supertrend', 'rsi']",2.0,6.0,10000,9325.51,-674.49,-6.74,-6.76,-0.17,-0.01,-1.0,6.74,4,0.0,0.0,-168.62,-136.04,-232.49,0.00075,0.0005,23.45,-30.19
310,none,100,hybrid,14,25,7,2.5,14,30,70,False,20,False,0.5,14,"['supertrend', 'rsi']",2.0,4.0,10000,9609.68,-390.32,-3.9,-3.91,-0.12,-0.0,-1.0,3.9,2,0.0,0.0,-195.16,-154.19,-236.13,0.00075,0.0005,23.45,-27.35
311,none,100,hybrid,14,25,7,2.5,14,30,70,False,20,False,0.5,14,"['supertrend', 'rsi']",2.5,5.0,10000,9519.35,-480.65,-4.81,-4.82,-0.12,-0.0,-1.0,4.81,2,0.0,0.0,-240.32,-189.61,-291.04,0.00075,0.0005,23.45,-28.26
312,none,100,hybrid,14,25,7,2.5,14,30,70,False,20,False,0.5,14,"['supertrend', 'rsi']",2.0,6.0,10000,9609.68,-390.32,-3.9,-3.91,-0.12,-0.0,-1.0,3.9,2,0.0,0.0,-195.16,-154.19,-236.13,0.00075,0.0005,23.45,-27.35
316,none,100,hybrid,14,25,7,2.5,14,35,65,False,20,False,0.5,14,"['supertrend', 'rsi']",2.0,4.0,10000,10304.24,304.24,3.04,3.05,0.02,0.0,0.32,9.43,7,14.29,1.32,43.46,1246.9,-228.73,0.00075,0.0005,23.45,-20.41
317,none,100,hybrid,14,25,7,2.5,14,35,65,False,20,False,0.5,14,"['supertrend', 'rsi']",2.5,5.0,10000,10068.86,68.86,0.69,0.69,0.01,0.0,0.06,11.5,7,14.29,1.06,9.84,1218.42,-279.84,0.00075,0.0005,23.45,-22.76
318,none,100,hybrid,14,25,7,2.5,14,35,65,False,20,False,0.5,14,"['supertrend', 'rsi']",2.0,6.0,10000,10304.24,304.24,3.04,3.05,0.02,0.0,0.32,9.43,7,14.29,1.32,43.46,1246.9,-228.73,0.00075,0.0005,23.45,-20.41
319,none,100,hybrid,14,25,7,2.5,14,35,70,False,20,False,0.5,14,"['supertrend', 'rsi']",2.0,4.0,10000,10618.24,618.24,6.18,6.2,0.04,0.01,0.93,6.67,5,20.0,1.93,123.65,1284.9,-232.31,0.00075,0.0005,23.45,-17.27
320,none,100,hybrid,14,25,7,2.5,14,35,70,False,20,False,0.5,14,"['supertrend', 'rsi']",2.5,5.0,10000,10447.92,447.92,4.48,4.49,0.03,0.0,0.55,8.16,5,20.0,1.55,89.58,1264.29,-285.24,0.00075,0.0005,23.45,-18.97
321,none,100,hybrid,14,25,7,2.5,14,35,70,False,20,False,0.5,14,"['supertrend', 'rsi']",2.0,6.0,10000,10618.24,618.24,6.18,6.2,0.04,0.01,0.93,6.67,5,20.0,1.93,123.65,1284.9,-232.31,0.00075,0.0005,23.45,-17.27
322,none,100,hybrid,14,25,7,2.5,14,35,75,False,20,False,0.5,14,"['supertrend', 'rsi']",2.0,4.0,10000,9613.71,-386.29,-3.86,-3.87,-0.14,-0.01,-1.0,3.86,3,0.0,0.0,-128.76,-98.72,-161.79,0.00075,0.0005,23.45,-27.31
323,none,100,hybrid,14,25,7,2.5,14,35,75,False,20,False,0.5,14,"['supertrend', 'rsi']",2.5,5.0,10000,9527.76,-472.24,-4.72,-4.74,-0.14,-0.01,-1.0,4.72,3,0.0,0.0,-157.41,-119.56,-199.11,0.00075,0.0005,23.45,-28.17
324,none,100,hybrid,14,25,7,2.5,14,35,75,False,20,False,0.5,14,"['supertrend', 'rsi']",2.0,6.0,10000,9613.71,-386.29,-3.86,-3.87,-0.14,-0.01,-1.0,3.86,3,0.0,0.0,-128.76,-98.72,-161.79,0.00075,0.0005,23.45,-27.31
325,none,100,hybrid,14,25,10,1.5,14,25,65,False,20,False,0.5,14,"['supertrend', 'rsi']",2.0,4.0,10000,11220.1,1220.1,12.2,12.24,0.04,0.02,0.37,33.37,51,11.76,1.18,23.92,2318.82,-422.01,0.00075,0.0005,23.45,-11.25
326,none,100,hybrid,14,25,10,1.5,14,25,65,False,20,False,0.5,14,"['supertrend', 'rsi']",2.5,5.0,10000,12420.17,2420.17,24.2,24.28,0.06,0.02,0.62,39.15,48,14.58,1.34,50.42,2261.6,-500.13,0.00075,0.0005,23.45,0.75
327,none,100,hybrid,14,25,10,1.5,14,25,65,False,20,False,0.5,14,"['supertrend', 'rsi']",2.0,6.0,10000,11220.1,1220.1,12.2,12.24,0.04,0.02,0.37,33.37,51,11.76,1.18,23.92,2318.82,-422.01,0.00075,0.0005,23.45,-11.25
328,none,100,hybrid,14,25,10,1.5,14,25,70,False,20,False,0.5,14,"['supertrend', 'rsi']",2.0,4.0,10000,9977.2,-22.8,-0.23,-0.23,0.01,0.0,-0.01,24.81,26,15.38,0.99,-0.88,1618.41,-326.95,0.00075,0.0005,23.45,-23.68
329,none,100,hybrid,14,25,10,1.5,14,25,70,False,20,False,0.5,14,"['supertrend', 'rsi']",2.5,5.0,10000,9122.8,-877.2,-8.77,-8.79,-0.02,-0.0,-0.29,30.39,26,15.38,0.78,-33.74,1479.82,-388.9,0.00075,0.0005,23.45,-32.22
330,none,100,hybrid,14,25,10,1.5,14,25,70,False,20,False,0.5,14,"['supertrend', 'rsi']",2.0,6.0,10000,9977.2,-22.8,-0.23,-0.23,0.01,0.0,-0.01,24.81,26,15.38,0.99,-0.88,1618.41,-326.95,0.00075,0.0005,23.45,-23.68
331,none,100,hybrid,14,25,10,1.5,14,25,75,False,20,False,0.5,14,"['supertrend', 'rsi']",2.0,4.0,10000,8827.5,-1172.5,-11.72,-11.76,-0.1,-0.01,-0.72,16.35,13,15.38,0.42,-90.19,462.68,-327.88,0.00075,0.0005,23.45,-35.17
332,none,100,hybrid,14,25,10,1.5,14,25,75,False,20,False,0.5,14,"['supertrend', 'rsi']",2.5,5.0,10000,8374.08,-1625.92,-16.26,-16.3,-0.13,-0.01,-0.79,20.65,13,15.38,0.33,-125.07,438.91,-396.14,0.00075,0.0005,23.45,-39.71
333,none,100,hybrid,14,25,10,1.5,14,25,75,False,20,False,0.5,14,"['supertrend', 'rsi']",2.0,6.0,10000,8827.5,-1172.5,-11.72,-11.76,-0.1,-0.01,-0.72,16.35,13,15.38,0.42,-90.19,462.68,-327.88,0.00075,0.0005,23.45,-35.17
334,none,100,hybrid,14,25,10,1.5,14,30,65,False,20,False,0.5,14,"['supertrend', 'rsi']",2.0,4.0,10000,16081.04,6081.04,60.81,61.02,0.12,0.05,3.17,19.24,68,19.12,1.72,89.43,2303.31,-450.87,0.00075,0.0005,23.45,37.36
335,none,100,hybrid,14,25,10,1.5,14,30,65,False,20,False,0.5,14,"['supertrend', 'rsi']",2.5,5.0,10000,17060.93,7060.93,70.61,70.86,0.12,0.04,3.02,23.5,67,20.9,1.77,105.39,3031.82,-522.05,0.00075,0.0005,23.45,47.16
336,none,100,hybrid,14,25,10,1.5,14,30,65,False,20,False,0.5,14,"['supertrend', 'rsi']",2.0,6.0,10000,16081.04,6081.04,60.81,61.02,0.12,0.05,3.17,19.24,68,19.12,1.72,89.43,2303.31,-450.87,0.00075,0.0005,23.45,37.36
337,none,100,hybrid,14,25,10,1.5,14,30,70,False,20,False,0.5,14,"['supertrend', 'rsi']",2.0,4.0,10000,12791.98,2791.98,27.92,28.01,0.06,0.03,0.75,37.52,37,13.51,1.64,75.46,2577.73,-270.48,0.00075,0.0005,23.45,4.47
338,none,100,hybrid,14,25,10,1.5,14,30,70,False,20,False,0.5,14,"['supertrend', 'rsi']",2.5,5.0,10000,12584.16,2584.16,25.84,25.92,0.06,0.02,0.69,37.59,36,16.67,1.51,71.78,2574.75,-348.66,0.00075,0.0005,23.45,2.39
339,none,100,hybrid,14,25,10,1.5,14,30,70,False,20,False,0.5,14,"['supertrend', 'rsi']",2.0,6.0,10000,12791.98,2791.98,27.92,28.01,0.06,0.03,0.75,37.52,37,13.51,1.64,75.46,2577.73,-270.48,0.00075,0.0005,23.45,4.47
340,none,100,hybrid,14,25,10,1.5,14,30,75,False,20,False,0.5,14,"['supertrend', 'rsi']",2.0,4.0,10000,11284.37,1284.37,12.84,12.88,0.04,0.01,0.48,27.03,22,13.64,1.43,58.38,3010.55,-299.84,0.00075,0.0005,23.45,-10.61
341,none,100,hybrid,14,25,10,1.5,14,30,75,False,20,False,0.5,14,"['supertrend', 'rsi']",2.5,5.0,10000,11528.26,1528.26,15.28,15.33,0.04,0.01,0.61,24.95,21,19.05,1.44,72.77,3096.41,-393.16,0.00075,0.0005,23.45,-8.17
342,none,100,hybrid,14,25,10,1.5,14,30,75,False,20,False,0.5,14,"['supertrend', 'rsi']",2.0,6.0,10000,11284.37,1284.37,12.84,12.88,0.04,0.01,0.48,27.03,22,13.64,1.43,58.38,3010.55,-299.84,0.00075,0.0005,23.45,-10.61
343,none,100,hybrid,14,25,10,1.5,14,35,65,False,20,False,0.5,14,"['supertrend', 'rsi']",2.0,4.0,10000,14403.35,4403.35,44.03,44.18,0.09,0.03,2.47,17.86,103,19.42,1.34,42.75,2096.79,-389.62,0.00075,0.0005,23.45,20.58
344,none,100,hybrid,14,25,10,1.5,14,35,65,False,20,False,0.5,14,"['supertrend', 'rsi']",2.5,5.0,10000,10376.48,376.48,3.76,3.78,0.02,0.01,0.11,33.13,99,23.23,1.03,3.8,1367.45,-371.9,0.00075,0.0005,23.45,-19.69
345,none,100,hybrid,14,25,10,1.5,14,35,65,False,20,False,0.5,14,"['supertrend', 'rsi']",2.0,6.0,10000,14403.35,4403.35,44.03,44.18,0.09,0.03,2.47,17.86,103,19.42,1.34,42.75,2096.79,-389.62,0.00075,0.0005,23.45,20.58
346,none,100,hybrid,14,25,10,1.5,14,35,70,False,20,False,0.5,14,"['supertrend', 'rsi']",2.0,4.0,10000,10441.69,441.69,4.42,4.43,0.03,0.01,0.1,44.09,65,12.31,1.06,6.8,2393.34,-312.54,0.00075,0.0005,23.45,-19.03
347,none,100,hybrid,14,25,10,1.5,14,35,70,False,20,False,0.5,14,"['supertrend', 'rsi']",2.5,5.0,10000,9316.92,-683.08,-6.83,-6.85,0.01,0.0,-0.15,46.68,64,14.06,0.92,-10.67,2234.55,-379.71,0.00075,0.0005,23.45,-30.28
348,none,100,hybrid,14,25,10,1.5,14,35,70,False,20,False,0.5,14,"['supertrend', 'rsi']",2.0,6.0,10000,10441.69,441.69,4.42,4.43,0.03,0.01,0.1,44.09,65,12.31,1.06,6.8,2393.34,-312.54,0.00075,0.0005,23.45,-19.03
349,none,100,hybrid,14,25,10,1.5,14,35,75,False,20,False,0.5,14,"['supertrend', 'rsi']",2.0,4.0,10000,7011.92,-2988.08,-29.88,-29.95,-0.06,-0.02,-0.64,47.07,46,6.52,0.48,-64.96,2059.6,-295.07,0.00075,0.0005,23.45,-53.33
350,none,100,hybrid,14,25,10,1.5,14,35,75,False,20,False,0.5,14,"['supertrend', 'rsi']",2.5,5.0,10000,6657.14,-3342.86,-33.43,-33.5,-0.07,-0.02,-0.69,48.71,42,9.52,0.49,-79.59,1982.98,-358.45,0.00075,0.0005,23.45,-56.88
351,none,100,hybrid,14,25,10,1.5,14,35,75,False,20,False,0.5,14,"['supertrend', 'rsi']",2.0,6.0,10000,7011.92,-2988.08,-29.88,-29.95,-0.06,-0.02,-0.64,47.07,46,6.52,0.48,-64.96,2059.6,-295.07,0.00075,0.0005,23.45,-53.33
352,none,100,hybrid,14,25,10,2.0,14,25,65,False,20,False,0.5,14,"['supertrend', 'rsi']",2.0,4.0,10000,10165.36,165.36,1.65,1.66,0.01,0.0,0.09,19.07,21,9.52,1.07,7.87,1835.34,-208.13,0.00075,0.0005,23.45,-21.8
353,none,100,hybrid,14,25,10,2.0,14,25,65,False,20,False,0.5,14,"['supertrend', 'rsi']",2.5,5.0,10000,11776.56,1776.56,17.77,17.82,0.05,0.02,0.78,22.92,21,14.29,1.64,84.6,2092.76,-252.36,0.00075,0.0005,23.45,-5.68
354,none,100,hybrid,14,25,10,2.0,14,25,65,False,20,False,0.5,14,"['supertrend', 'rsi']",2.0,6.0,10000,10165.36,165.36,1.65,1.66,0.01,0.0,0.09,19.07,21,9.52,1.07,7.87,1835.34,-208.13,0.00075,0.0005,23.45,-21.8
355,none,100,hybrid,14,25,10,2.0,14,25,70,False,20,False,0.5,14,"['supertrend', 'rsi']",2.0,4.0,10000,11945.48,1945.48,19.45,19.51,0.07,0.02,2.73,7.15,8,25.0,2.8,243.18,2133.67,-228.16,0.00075,0.0005,23.45,-4.0
356,none,100,hybrid,14,25,10,2.0,14,25,70,False,20,False,0.5,14,"['supertrend', 'rsi']",2.5,5.0,10000,11649.08,1649.08,16.49,16.54,0.06,0.01,1.89,8.76,8,25.0,2.25,206.13,2089.89,-278.95,0.00075,0.0005,23.45,-6.96
357,none,100,hybrid,14,25,10,2.0,14,25,70,False,20,False,0.5,14,"['supertrend', 'rsi']",2.0,6.0,10000,11945.48,1945.48,19.45,19.51,0.07,0.02,2.73,7.15,8,25.0,2.8,243.18,2133.67,-228.16,0.00075,0.0005,23.45,-4.0
358,none,100,hybrid,14,25,10,2.0,14,25,75,False,20,False,0.5,14,"['supertrend', 'rsi']",2.0,4.0,10000,11316.14,1316.14,13.16,13.2,0.1,,6.03,2.19,3,66.67,7.02,438.71,941.62,-218.59,0.00075,0.0005,23.45,-10.29
359,none,100,hybrid,14,25,10,2.0,14,25,75,False,20,False,0.5,14,"['supertrend', 'rsi']",2.5,5.0,10000,11256.53,1256.53,12.57,12.6,0.09,,4.67,2.7,3,66.67,5.65,418.84,936.66,-270.12,0.00075,0.0005,23.45,-10.88
360,none,100,hybrid,14,25,10,2.0,14,25,75,False,20,False,0.5,14,"['supertrend', 'rsi']",2.0,6.0,10000,11316.14,1316.14,13.16,13.2,0.1,,6.03,2.19,3,66.67,7.02,438.71,941.62,-218.59,0.00075,0.0005,23.45,-10.29
361,none,100,hybrid,14,25,10,2.0,14,30,65,False,20,False,0.5,14,"['supertrend', 'rsi']",2.0,4.0,10000,10193.76,193.76,1.94,1.94,0.02,0.0,0.1,18.85,25,12.0,1.07,7.75,1840.46,-208.71,0.00075,0.0005,23.45,-21.51
362,none,100,hybrid,14,25,10,2.0,14,30,65,False,20,False,0.5,14,"['supertrend', 'rsi']",2.5,5.0,10000,13594.35,3594.35,35.94,36.06,0.09,0.03,2.21,16.32,24,20.83,2.08,149.76,2415.79,-287.75,0.00075,0.0005,23.45,12.49
363,none,100,hybrid,14,25,10,2.0,14,30,65,False,20,False,0.5,14,"['supertrend', 'rsi']",2.0,6.0,10000,10193.76,193.76,1.94,1.94,0.02,0.0,0.1,18.85,25,12.0,1.07,7.75,1840.46,-208.71,0.00075,0.0005,23.45,-21.51
364,none,100,hybrid,14,25,10,2.0,14,30,70,False,20,False,0.5,14,"['supertrend', 'rsi']",2.0,4.0,10000,11174.64,1174.64,11.75,11.78,0.05,0.01,0.9,13.14,12,16.67,1.71,97.89,1995.98,-214.37,0.00075,0.0005,23.45,-11.7
365,none,100,hybrid,14,25,10,2.0,14,30,70,False,20,False,0.5,14,"['supertrend', 'rsi']",2.5,5.0,10000,12215.97,2215.97,22.16,22.23,0.08,0.02,3.96,5.61,10,30.0,2.42,221.6,2191.59,-292.53,0.00075,0.0005,23.45,-1.29
366,none,100,hybrid,14,25,10,2.0,14,30,70,False,20,False,0.5,14,"['supertrend', 'rsi']",2.0,6.0,10000,11174.64,1174.64,11.75,11.78,0.05,0.01,0.9,13.14,12,16.67,1.71,97.89,1995.98,-214.37,0.00075,0.0005,23.45,-11.7
367,none,100,hybrid,14,25,10,2.0,14,30,75,False,20,False,0.5,14,"['supertrend', 'rsi']",2.0,4.0,10000,10585.91,585.91,5.86,5.88,0.05,0.01,0.69,8.5,7,28.57,1.69,83.7,880.85,-214.37,0.00075,0.0005,23.45,-17.59
368,none,100,hybrid,14,25,10,2.0,14,30,75,False,20,False,0.5,14,"['supertrend', 'rsi']",2.5,5.0,10000,10582.86,582.86,5.83,5.85,0.04,0.0,0.69,8.52,6,33.33,1.68,97.14,880.6,-264.84,0.00075,0.0005,23.45,-17.62
369,none,100,hybrid,14,25,10,2.0,14,30,75,False,20,False,0.5,14,"['supertrend', 'rsi']",2.0,6.0,10000,10585.91,585.91,5.86,5.88,0.05,0.01,0.69,8.5,7,28.57,1.69,83.7,880.85,-214.37,0.00075,0.0005,23.45,-17.59
370,none,100,hybrid,14,25,10,2.0,14,35,65,False,20,False,0.5,14,"['supertrend', 'rsi']",2.0,4.0,10000,9386.7,-613.3,-6.13,-6.15,-0.01,-0.0,-0.25,24.31,37,13.51,0.85,-16.58,1543.7,-209.27,0.00075,0.0005,23.45,-29.58
371,none,100,hybrid,14,25,10,2.0,14,35,65,False,20,False,0.5,14,"['supertrend', 'rsi']",2.5,5.0,10000,12094.03,2094.03,20.94,21.0,0.06,0.02,0.93,22.65,36,19.44,1.43,58.17,2149.17,-273.53,0.00075,0.0005,23.45,-2.51
372,none,100,hybrid,14,25,10,2.0,14,35,65,False,20,False,0.5,14,"['supertrend', 'rsi']",2.0,6.0,10000,9386.7,-613.3,-6.13,-6.15,-0.01,-0.0,-0.25,24.31,37,13.51,0.85,-16.58,1543.7,-209.27,0.00075,0.0005,23.45,-29.58
373,none,100,hybrid,14,25,10,2.0,14,35,70,False,20,False,0.5,14,"['supertrend', 'rsi']",2.0,4.0,10000,9949.98,-50.02,-0.5,-0.5,0.01,0.0,-0.02,22.07,24,12.5,0.98,-2.08,1618.83,-219.45,0.00075,0.0005,23.45,-23.95
374,none,100,hybrid,14,25,10,2.0,14,35,70,False,20,False,0.5,14,"['supertrend', 'rsi']",2.5,5.0,10000,10699.54,699.54,7.0,7.02,0.03,0.01,0.49,14.37,21,19.05,1.22,33.31,1757.4,-294.28,0.00075,0.0005,23.45,-16.45
375,none,100,hybrid,14,25,10,2.0,14,35,70,False,20,False,0.5,14,"['supertrend', 'rsi']",2.0,6.0,10000,9949.98,-50.02,-0.5,-0.5,0.01,0.0,-0.02,22.07,24,12.5,0.98,-2.08,1618.83,-219.45,0.00075,0.0005,23.45,-23.95
376,none,100,hybrid,14,25,10,2.0,14,35,75,False,20,False,0.5,14,"['supertrend', 'rsi']",2.0,4.0,10000,9097.27,-902.73,-9.03,-9.05,-0.06,-0.01,-0.51,17.9,18,11.11,0.58,-50.15,790.33,-205.67,0.00075,0.0005,23.45,-32.48
377,none,100,hybrid,14,25,10,2.0,14,35,75,False,20,False,0.5,14,"['supertrend', 'rsi']",2.5,5.0,10000,8984.62,-1015.38,-10.15,-10.18,-0.06,-0.01,-0.56,18.14,16,12.5,0.55,-63.46,788.07,-251.69,0.00075,0.0005,23.45,-33.6
378,none,100,hybrid,14,25,10,2.0,14,35,75,False,20,False,0.5,14,"['supertrend', 'rsi']",2.0,6.0,10000,9097.27,-902.73,-9.03,-9.05,-0.06,-0.01,-0.51,17.9,18,11.11,0.58,-50.15,790.33,-205.67,0.00075,0.0005,23.45,-32.48
379,none,100,hybrid,14,25,10,2.5,14,25,65,False,20,False,0.5,14,"['supertrend', 'rsi']",2.0,4.0,10000,9193.78,-806.22,-8.06,-8.08,-0.19,-0.01,-1.0,8.06,5,0.0,0.0,-161.24,-134.12,-229.21,0.00075,0.0005,23.45,-31.51
380,none,100,hybrid,14,25,10,2.5,14,25,65,False,20,False,0.5,14,"['supertrend', 'rsi']",2.5,5.0,10000,9014.86,-985.14,-9.85,-9.88,-0.19,-0.01,-1.0,9.85,5,0.0,0.0,-197.03,-162.07,-280.57,0.00075,0.0005,23.45,-33.3
381,none,100,hybrid,14,25,10,2.5,14,25,65,False,20,False,0.5,14,"['supertrend', 'rsi']",2.0,6.0,10000,9193.78,-806.22,-8.06,-8.08,-0.19,-0.01,-1.0,8.06,5,0.0,0.0,-161.24,-134.12,-229.21,0.00075,0.0005,23.45,-31.51
382,none,100,hybrid,14,25,10,2.5,14,25,70,False,20,False,0.5,14,"['supertrend', 'rsi']",2.0,4.0,10000,9609.68,-390.32,-3.9,-3.91,-0.12,-0.0,-1.0,3.9,2,0.0,0.0,-195.16,-154.19,-236.13,0.00075,0.0005,23.45,-27.35
383,none,100,hybrid,14,25,10,2.5,14,25,70,False,20,False,0.5,14,"['supertrend', 'rsi']",2.5,5.0,10000,9519.35,-480.65,-4.81,-4.82,-0.12,-0.0,-1.0,4.81,2,0.0,0.0,-240.32,-189.61,-291.04,0.00075,0.0005,23.45,-28.26
384,none,100,hybrid,14,25,10,2.5,14,25,70,False,20,False,0.5,14,"['supertrend', 'rsi']",2.0,6.0,10000,9609.68,-390.32,-3.9,-3.91,-0.12,-0.0,-1.0,3.9,2,0.0,0.0,-195.16,-154.19,-236.13,0.00075,0.0005,23.45,-27.35
388,none,100,hybrid,14,25,10,2.5,14,30,65,False,20,False,0.5,14,"['supertrend', 'rsi']",2.0,4.0,10000,9041.67,-958.33,-9.58,-9.61,-0.2,-0.01,-1.0,9.58,6,0.0,0.0,-159.72,-131.9,-225.42,0.00075,0.0005,23.45,-33.03
389,none,100,hybrid,14,25,10,2.5,14,30,65,False,20,False,0.5,14,"['supertrend', 'rsi']",2.5,5.0,10000,8831.24,-1168.76,-11.69,-11.72,-0.2,-0.01,-1.0,11.69,6,0.0,0.0,-194.79,-158.77,-274.85,0.00075,0.0005,23.45,-35.14
390,none,100,hybrid,14,25,10,2.5,14,30,65,False,20,False,0.5,14,"['supertrend', 'rsi']",2.0,6.0,10000,9041.67,-958.33,-9.58,-9.61,-0.2,-0.01,-1.0,9.58,6,0.0,0.0,-159.72,-131.9,-225.42,0.00075,0.0005,23.45,-33.03
391,none,100,hybrid,14,25,10,2.5,14,30,70,False,20,False,0.5,14,"['supertrend', 'rsi']",2.0,4.0,10000,9450.68,-549.32,-5.49,-5.51,-0.14,-0.01,-1.0,5.49,3,0.0,0.0,-183.11,-151.64,-232.22,0.00075,0.0005,23.45,-28.94
392,none,100,hybrid,14,25,10,2.5,14,30,70,False,20,False,0.5,14,"['supertrend', 'rsi']",2.5,5.0,10000,9325.45,-674.55,-6.75,-6.76,-0.14,-0.01,-1.0,6.75,3,0.0,0.0,-224.85,-185.75,-285.11,0.00075,0.0005,23.45,-30.2
393,none,100,hybrid,14,25,10,2.5,14,30,70,False,20,False,0.5,14,"['supertrend', 'rsi']",2.0,6.0,10000,9450.68,-549.32,-5.49,-5.51,-0.14,-0.01,-1.0,5.49,3,0.0,0.0,-183.11,-151.64,-232.22,0.00075,0.0005,23.45,-28.94
394,none,100,hybrid,14,25,10,2.5,14,30,75,False,20,False,0.5,14,"['supertrend', 'rsi']",2.0,4.0,10000,9834.55,-165.45,-1.65,-1.66,-0.08,,-1.01,1.65,1,0.0,0.0,-165.45,-165.45,-165.45,0.00075,0.0005,23.45,-25.1
395,none,100,hybrid,14,25,10,2.5,14,30,75,False,20,False,0.5,14,"['supertrend', 'rsi']",2.5,5.0,10000,9796.31,-203.69,-2.04,-2.04,-0.08,,-1.0,2.04,1,0.0,0.0,-203.69,-203.69,-203.69,0.00075,0.0005,23.45,-25.49
396,none,100,hybrid,14,25,10,2.5,14,30,75,False,20,False,0.5,14,"['supertrend', 'rsi']",2.0,6.0,10000,9834.55,-165.45,-1.65,-1.66,-0.08,,-1.01,1.65,1,0.0,0.0,-165.45,-165.45,-165.45,0.00075,0.0005,23.45,-25.1
397,none,100,hybrid,14,25,10,2.5,14,35,65,False,20,False,0.5,14,"['supertrend', 'rsi']",2.0,4.0,10000,9639.91,-360.09,-3.6,-3.61,-0.02,-0.0,-0.24,15.27,11,9.09,0.76,-32.74,1166.51,-213.98,0.00075,0.0005,23.45,-27.05
398,none,100,hybrid,14,25,10,2.5,14,35,65,False,20,False,0.5,14,"['supertrend', 'rsi']",2.5,5.0,10000,9274.25,-725.75,-7.26,-7.28,-0.04,-0.01,-0.39,18.48,11,9.09,0.61,-65.98,1122.27,-257.75,0.00075,0.0005,23.45,-30.71
399,none,100,hybrid,14,25,10,2.5,14,35,65,False,20,False,0.5,14,"['supertrend', 'rsi']",2.0,6.0,10000,9639.91,-360.09,-3.6,-3.61,-0.02,-0.0,-0.24,15.27,11,9.09,0.76,-32.74,1166.51,-213.98,0.00075,0.0005,23.45,-27.05
400,none,100,hybrid,14,25,10,2.5,14,35,70,False,20,False,0.5,14,"['supertrend', 'rsi']",2.0,4.0,10000,10075.99,75.99,0.76,0.76,0.01,0.0,0.07,11.43,8,12.5,1.07,9.5,1219.28,-220.45,0.00075,0.0005,23.45,-22.69
401,none,100,hybrid,14,25,10,2.5,14,35,70,False,20,False,0.5,14,"['supertrend', 'rsi']",2.5,5.0,10000,9793.26,-206.74,-2.07,-2.07,-0.01,-0.0,-0.15,13.92,8,12.5,0.85,-25.84,1185.07,-267.37,0.00075,0.0005,23.45,-25.52
402,none,100,hybrid,14,25,10,2.5,14,35,70,False,20,False,0.5,14,"['supertrend', 'rsi']",2.0,6.0,10000,10075.99,75.99,0.76,0.76,0.01,0.0,0.07,11.43,8,12.5,1.07,9.5,1219.28,-220.45,0.00075,0.0005,23.45,-22.69
403,none,100,hybrid,14,25,10,2.5,14,35,75,False,20,False,0.5,14,"['supertrend', 'rsi']",2.0,4.0,10000,9122.76,-877.24,-8.77,-8.8,-0.2,-0.01,-1.0,8.77,6,0.0,0.0,-146.21,-93.68,-174.99,0.00075,0.0005,23.45,-32.22
404,none,100,hybrid,14,25,10,2.5,14,35,75,False,20,False,0.5,14,"['supertrend', 'rsi']",2.5,5.0,10000,8930.76,-1069.24,-10.69,-10.72,-0.2,-0.01,-1.0,10.69,6,0.0,0.0,-178.21,-112.07,-214.0,0.00075,0.0005,23.45,-34.14
405,none,100,hybrid,14,25,10,2.5,14,35,75,False,20,False,0.5,14,"['supertrend', 'rsi']",2.0,6.0,10000,9122.76,-877.24,-8.77,-8.8,-0.2,-0.01,-1.0,8.77,6,0.0,0.0,-146.21,-93.68,-174.99,0.00075,0.0005,23.45,-32.22
406,none,100,hybrid,14,25,14,1.5,14,25,65,False,20,False,0.5,14,"['supertrend', 'rsi']",2.0,4.0,10000,10199.79,199.79,2.0,2.0,0.02,0.01,0.05,41.53,63,11.11,1.02,3.17,2345.92,-419.27,0.00075,0.0005,23.45,-21.45
407,none,100,hybrid,14,25,14,1.5,14,25,65,False,20,False,0.5,14,"['supertrend', 'rsi']",2.5,5.0,10000,10839.55,839.55,8.4,8.42,0.03,0.01,0.17,48.19,60,13.33,1.09,13.99,2281.25,-486.92,0.00075,0.0005,23.45,-15.05
408,none,100,hybrid,14,25,14,1.5,14,25,65,False,20,False,0.5,14,"['supertrend', 'rsi']",2.0,6.0,10000,10199.79,199.79,2.0,2.0,0.02,0.01,0.05,41.53,63,11.11,1.02,3.17,2345.92,-419.27,0.00075,0.0005,23.45,-21.45
409,none,100,hybrid,14,25,14,1.5,14,25,70,False,20,False,0.5,14,"['supertrend', 'rsi']",2.0,4.0,10000,8841.07,-1158.93,-11.59,-11.62,-0.03,-0.01,-0.35,33.01,33,12.12,0.72,-35.12,1434.12,-305.07,0.00075,0.0005,23.45,-35.04
410,none,100,hybrid,14,25,14,1.5,14,25,70,False,20,False,0.5,14,"['supertrend', 'rsi']",2.5,5.0,10000,7868.68,-2131.32,-21.31,-21.36,-0.07,-0.01,-0.53,39.96,33,12.12,0.56,-64.59,1276.38,-357.5,0.00075,0.0005,23.45,-44.76
411,none,100,hybrid,14,25,14,1.5,14,25,70,False,20,False,0.5,14,"['supertrend', 'rsi']",2.0,6.0,10000,8841.07,-1158.93,-11.59,-11.62,-0.03,-0.01,-0.35,33.01,33,12.12,0.72,-35.12,1434.12,-305.07,0.00075,0.0005,23.45,-35.04
412,none,100,hybrid,14,25,14,1.5,14,25,75,False,20,False,0.5,14,"['supertrend', 'rsi']",2.0,4.0,10000,9043.42,-956.58,-9.57,-9.59,-0.07,-0.01,-0.55,17.34,16,18.75,0.6,-59.79,605.83,-342.2,0.00075,0.0005,23.45,-33.02
413,none,100,hybrid,14,25,14,1.5,14,25,75,False,20,False,0.5,14,"['supertrend', 'rsi']",2.5,5.0,10000,8506.49,-1493.51,-14.94,-14.97,-0.1,-0.01,-0.69,21.8,16,18.75,0.49,-93.34,602.33,-411.75,0.00075,0.0005,23.45,-38.39
414,none,100,hybrid,14,25,14,1.5,14,25,75,False,20,False,0.5,14,"['supertrend', 'rsi']",2.0,6.0,10000,9043.42,-956.58,-9.57,-9.59,-0.07,-0.01,-0.55,17.34,16,18.75,0.6,-59.79,605.83,-342.2,0.00075,0.0005,23.45,-33.02
415,none,100,hybrid,14,25,14,1.5,14,30,65,False,20,False,0.5,14,"['supertrend', 'rsi']",2.0,4.0,10000,14151.14,4151.14,41.51,41.65,0.09,0.04,1.93,21.55,80,16.25,1.42,51.89,2040.45,-486.21,0.00075,0.0005,23.45,18.06
416,none,100,hybrid,14,25,14,1.5,14,30,65,False,20,False,0.5,14,"['supertrend', 'rsi']",2.5,5.0,10000,14815.03,4815.03,48.15,48.31,0.09,0.03,1.7,28.5,78,17.95,1.46,61.73,2632.71,-560.3,0.00075,0.0005,23.45,24.7
417,none,100,hybrid,14,25,14,1.5,14,30,65,False,20,False,0.5,14,"['supertrend', 'rsi']",2.0,6.0,10000,14151.14,4151.14,41.51,41.65,0.09,0.04,1.93,21.55,80,16.25,1.42,51.89,2040.45,-486.21,0.00075,0.0005,23.45,18.06
418,none,100,hybrid,14,25,14,1.5,14,30,70,False,20,False,0.5,14,"['supertrend', 'rsi']",2.0,4.0,10000,9863.99,-136.01,-1.36,-1.36,0.01,0.0,-0.04,32.16,43,13.95,0.97,-3.16,1426.55,-288.24,0.00075,0.0005,23.45,-24.81
419,none,100,hybrid,14,25,14,1.5,14,30,70,False,20,False,0.5,14,"['supertrend', 'rsi']",2.5,5.0,10000,9602.38,-397.62,-3.98,-3.99,0.0,0.0,-0.12,32.07,42,16.67,0.93,-9.47,1388.72,-370.86,0.00075,0.0005,23.45,-27.43
420,none,100,hybrid,14,25,14,1.5,14,30,70,False,20,False,0.5,14,"['supertrend', 'rsi']",2.0,6.0,10000,9863.99,-136.01,-1.36,-1.36,0.01,0.0,-0.04,32.16,43,13.95,0.97,-3.16,1426.55,-288.24,0.00075,0.0005,23.45,-24.81
421,none,100,hybrid,14,25,14,1.5,14,30,75,False,20,False,0.5,14,"['supertrend', 'rsi']",2.0,4.0,10000,12500.13,2500.13,25.0,25.08,0.06,0.02,1.26,19.83,22,18.18,1.88,113.64,3307.5,-323.32,0.00075,0.0005,23.45,1.55
422,none,100,hybrid,14,25,14,1.5,14,30,75,False,20,False,0.5,14,"['supertrend', 'rsi']",2.5,5.0,10000,12863.26,2863.26,28.63,28.72,0.07,0.02,1.68,17.12,21,23.81,1.87,136.35,3419.44,-424.26,0.00075,0.0005,23.45,5.18
423,none,100,hybrid,14,25,14,1.5,14,30,75,False,20,False,0.5,14,"['supertrend', 'rsi']",2.0,6.0,10000,12500.13,2500.13,25.0,25.08,0.06,0.02,1.26,19.83,22,18.18,1.88,113.64,3307.5,-323.32,0.00075,0.0005,23.45,1.55
424,none,100,hybrid,14,25,14,1.5,14,35,65,False,20,False,0.5,14,"['supertrend', 'rsi']",2.0,4.0,10000,13552.1,3552.1,35.52,35.63,0.08,0.03,1.61,22.14,117,20.51,1.25,30.36,1986.07,-431.0,0.00075,0.0005,23.45,12.07
425,none,100,hybrid,14,25,14,1.5,14,35,65,False,20,False,0.5,14,"['supertrend', 'rsi']",2.5,5.0,10000,9521.03,-478.97,-4.79,-4.8,0.01,0.0,-0.15,31.73,113,23.89,0.96,-4.24,1264.83,-382.35,0.00075,0.0005,23.45,-28.24
426,none,100,hybrid,14,25,14,1.5,14,35,65,False,20,False,0.5,14,"['supertrend', 'rsi']",2.0,6.0,10000,13552.1,3552.1,35.52,35.63,0.08,0.03,1.61,22.14,117,20.51,1.25,30.36,1986.07,-431.0,0.00075,0.0005,23.45,12.07
427,none,100,hybrid,14,25,14,1.5,14,35,70,False,20,False,0.5,14,"['supertrend', 'rsi']",2.0,4.0,10000,8716.17,-1283.83,-12.84,-12.87,-0.02,-0.01,-0.35,37.24,74,16.22,0.83,-17.35,1276.3,-293.88,0.00075,0.0005,23.45,-36.29
428,none,100,hybrid,14,25,14,1.5,14,35,70,False,20,False,0.5,14,"['supertrend', 'rsi']",2.5,5.0,10000,7938.16,-2061.84,-20.62,-20.67,-0.04,-0.01,-0.5,41.46,71,18.31,0.76,-29.04,1165.65,-364.84,0.00075,0.0005,23.45,-44.07
429,none,100,hybrid,14,25,14,1.5,14,35,70,False,20,False,0.5,14,"['supertrend', 'rsi']",2.0,6.0,10000,8716.17,-1283.83,-12.84,-12.87,-0.02,-0.01,-0.35,37.24,74,16.22,0.83,-17.35,1276.3,-293.88,0.00075,0.0005,23.45,-36.29
430,none,100,hybrid,14,25,14,1.5,14,35,75,False,20,False,0.5,14,"['supertrend', 'rsi']",2.0,4.0,10000,10014.65,14.65,0.15,0.15,0.02,0.01,0.0,44.05,48,10.42,1.0,0.31,2945.96,-282.61,0.00075,0.0005,23.45,-23.3
431,none,100,hybrid,14,25,14,1.5,14,35,75,False,20,False,0.5,14,"['supertrend', 'rsi']",2.5,5.0,10000,9867.64,-132.36,-1.32,-1.33,0.02,0.01,-0.03,43.04,43,13.95,0.98,-3.08,2939.3,-352.21,0.00075,0.0005,23.45,-24.77
432,none,100,hybrid,14,25,14,1.5,14,35,75,False,20,False,0.5,14,"['supertrend', 'rsi']",2.0,6.0,10000,10014.65,14.65,0.15,0.15,0.02,0.01,0.0,44.05,48,10.42,1.0,0.31,2945.96,-282.61,0.00075,0.0005,23.45,-23.3
433,none,100,hybrid,14,25,14,2.0,14,25,65,False,20,False,0.5,14,"['supertrend', 'rsi']",2.0,4.0,10000,12442.62,2442.62,24.43,24.5,0.06,0.02,1.58,15.54,22,13.64,1.75,111.03,2467.93,-409.03,0.00075,0.0005,23.45,0.98
434,none,100,hybrid,14,25,14,2.0,14,25,65,False,20,False,0.5,14,"['supertrend', 'rsi']",2.5,5.0,10000,14301.01,4301.01,43.01,43.15,0.09,0.02,2.29,18.81,22,18.18,2.16,195.5,2541.36,-493.22,0.00075,0.0005,23.45,19.56
435,none,100,hybrid,14,25,14,2.0,14,25,65,False,20,False,0.5,14,"['supertrend', 'rsi']",2.0,6.0,10000,12442.62,2442.62,24.43,24.5,0.06,0.02,1.58,15.54,22,13.64,1.75,111.03,2467.93,-409.03,0.00075,0.0005,23.45,0.98
436,none,100,hybrid,14,25,14,2.0,14,25,70,False,20,False,0.5,14,"['supertrend', 'rsi']",2.0,4.0,10000,10718.96,718.96,7.19,7.21,0.03,0.01,0.46,15.52,13,15.38,1.36,55.3,1914.59,-330.56,0.00075,0.0005,23.45,-16.26
437,none,100,hybrid,14,25,14,2.0,14,25,70,False,20,False,0.5,14,"['supertrend', 'rsi']",2.5,5.0,10000,10185.61,185.61,1.86,1.86,0.02,0.0,0.1,18.85,13,15.38,1.08,14.28,1827.34,-400.21,0.00075,0.0005,23.45,-21.59
438,none,100,hybrid,14,25,14,2.0,14,25,70,False,20,False,0.5,14,"['supertrend', 'rsi']",2.0,6.0,10000,10718.96,718.96,7.19,7.21,0.03,0.01,0.46,15.52,13,15.38,1.36,55.3,1914.59,-330.56,0.00075,0.0005,23.45,-16.26
439,none,100,hybrid,14,25,14,2.0,14,25,75,False,20,False,0.5,14,"['supertrend', 'rsi']",2.0,4.0,10000,10641.79,641.79,6.42,6.44,0.05,0.0,0.8,8.01,5,40.0,1.8,128.36,885.5,-351.29,0.00075,0.0005,23.45,-17.03
440,none,100,hybrid,14,25,14,2.0,14,25,75,False,20,False,0.5,14,"['supertrend', 'rsi']",2.5,5.0,10000,10427.87,427.87,4.28,4.29,0.03,0.0,0.44,9.86,5,40.0,1.43,85.57,867.7,-431.34,0.00075,0.0005,23.45,-19.17
441,none,100,hybrid,14,25,14,2.0,14,25,75,False,20,False,0.5,14,"['supertrend', 'rsi']",2.0,6.0,10000,10641.79,641.79,6.42,6.44,0.05,0.0,0.8,8.01,5,40.0,1.8,128.36,885.5,-351.29,0.00075,0.0005,23.45,-17.03
442,none,100,hybrid,14,25,14,2.0,14,30,65,False,20,False,0.5,14,"['supertrend', 'rsi']",2.0,4.0,10000,13803.14,3803.14,38.03,38.15,0.09,0.03,2.11,18.1,30,20.0,1.92,126.77,2492.13,-391.76,0.00075,0.0005,23.45,14.58
443,none,100,hybrid,14,25,14,2.0,14,30,65,False,20,False,0.5,14,"['supertrend', 'rsi']",2.5,5.0,10000,15568.29,5568.29,55.68,55.87,0.1,0.03,2.45,22.78,30,23.33,2.19,185.61,2766.57,-463.78,0.00075,0.0005,23.45,32.23
444,none,100,hybrid,14,25,14,2.0,14,30,65,False,20,False,0.5,14,"['supertrend', 'rsi']",2.0,6.0,10000,13803.14,3803.14,38.03,38.15,0.09,0.03,2.11,18.1,30,20.0,1.92,126.77,2492.13,-391.76,0.00075,0.0005,23.45,14.58
445,none,100,hybrid,14,25,14,2.0,14,30,70,False,20,False,0.5,14,"['supertrend', 'rsi']",2.0,4.0,10000,12395.08,2395.08,23.95,24.02,0.06,0.02,1.02,23.57,19,15.79,1.87,126.06,2213.97,-309.23,0.00075,0.0005,23.45,0.5
446,none,100,hybrid,14,25,14,2.0,14,30,70,False,20,False,0.5,14,"['supertrend', 'rsi']",2.5,5.0,10000,14243.58,4243.58,42.44,42.57,0.1,0.02,2.82,15.08,16,31.25,2.59,265.22,2555.35,-454.85,0.00075,0.0005,23.45,18.99
447,none,100,hybrid,14,25,14,2.0,14,30,70,False,20,False,0.5,14,"['supertrend', 'rsi']",2.0,6.0,10000,12395.08,2395.08,23.95,24.02,0.06,0.02,1.02,23.57,19,15.79,1.87,126.06,2213.97,-309.23,0.00075,0.0005,23.45,0.5
448,none,100,hybrid,14,25,14,2.0,14,30,75,False,20,False,0.5,14,"['supertrend', 'rsi']",2.0,4.0,10000,16925.89,6925.89,69.26,69.5,0.08,0.05,4.14,16.78,11,18.18,5.13,629.63,7802.67,-328.62,0.00075,0.0005,23.45,45.81
449,none,100,hybrid,14,25,14,2.0,14,30,75,False,20,False,0.5,14,"['supertrend', 'rsi']",2.5,5.0,10000,16539.05,6539.05,65.39,65.62,0.07,0.03,3.51,18.68,10,20.0,4.5,653.91,7624.34,-405.52,0.00075,0.0005,23.45,41.94
450,none,100,hybrid,14,25,14,2.0,14,30,75,False,20,False,0.5,14,"['supertrend', 'rsi']",2.0,6.0,10000,16925.89,6925.89,69.26,69.5,0.08,0.05,4.14,16.78,11,18.18,5.13,629.63,7802.67,-328.62,0.00075,0.0005,23.45,45.81
451,none,100,hybrid,14,25,14,2.0,14,35,65,False,20,False,0.5,14,"['supertrend', 'rsi']",2.0,4.0,10000,11875.79,1875.79,18.76,18.81,0.06,0.02,0.85,22.07,43,20.93,1.36,43.62,1976.25,-331.0,0.00075,0.0005,23.45,-4.69
452,none,100,hybrid,14,25,14,2.0,14,35,65,False,20,False,0.5,14,"['supertrend', 'rsi']",2.5,5.0,10000,15119.2,5119.2,51.19,51.36,0.1,0.03,2.33,22.07,42,26.19,1.81,121.89,2686.76,-450.36,0.00075,0.0005,23.45,27.74
453,none,100,hybrid,14,25,14,2.0,14,35,65,False,20,False,0.5,14,"['supertrend', 'rsi']",2.0,6.0,10000,11875.79,1875.79,18.76,18.81,0.06,0.02,0.85,22.07,43,20.93,1.36,43.62,1976.25,-331.0,0.00075,0.0005,23.45,-4.69
454,none,100,hybrid,14,25,14,2.0,14,35,70,False,20,False,0.5,14,"['supertrend', 'rsi']",2.0,4.0,10000,10862.27,862.27,8.62,8.65,0.03,0.01,0.29,29.5,32,12.5,1.2,26.95,2013.74,-286.17,0.00075,0.0005,23.45,-14.83
455,none,100,hybrid,14,25,14,2.0,14,35,70,False,20,False,0.5,14,"['supertrend', 'rsi']",2.5,5.0,10000,11959.72,1959.72,19.6,19.66,0.06,0.01,0.99,19.88,29,20.69,1.41,67.58,2288.35,-413.43,0.00075,0.0005,23.45,-3.85
456,none,100,hybrid,14,25,14,2.0,14,35,70,False,20,False,0.5,14,"['supertrend', 'rsi']",2.0,6.0,10000,10862.27,862.27,8.62,8.65,0.03,0.01,0.29,29.5,32,12.5,1.2,26.95,2013.74,-286.17,0.00075,0.0005,23.45,-14.83
457,none,100,hybrid,14,25,14,2.0,14,35,75,False,20,False,0.5,14,"['supertrend', 'rsi']",2.0,4.0,10000,15612.7,5612.7,56.13,56.32,0.07,0.05,2.42,23.24,16,12.5,3.42,350.79,7197.3,-304.11,0.00075,0.0005,23.45,32.68
458,none,100,hybrid,14,25,14,2.0,14,35,75,False,20,False,0.5,14,"['supertrend', 'rsi']",2.5,5.0,10000,15313.5,5313.5,53.14,53.31,0.07,0.04,2.16,24.71,14,14.29,3.15,379.54,7059.38,-377.02,0.00075,0.0005,23.45,29.69
459,none,100,hybrid,14,25,14,2.0,14,35,75,False,20,False,0.5,14,"['supertrend', 'rsi']",2.0,6.0,10000,15612.7,5612.7,56.13,56.32,0.07,0.05,2.42,23.24,16,12.5,3.42,350.79,7197.3,-304.11,0.00075,0.0005,23.45,32.68
460,none,100,hybrid,14,25,14,2.5,14,25,65,False,20,False,0.5,14,"['supertrend', 'rsi']",2.0,4.0,10000,8980.12,-1019.88,-10.2,-10.23,-0.22,-0.01,-1.0,10.2,7,0.0,0.0,-145.7,-76.12,-229.21,0.00075,0.0005,23.45,-33.65
461,none,100,hybrid,14,25,14,2.5,14,25,65,False,20,False,0.5,14,"['supertrend', 'rsi']",2.5,5.0,10000,8758.89,-1241.11,-12.41,-12.44,-0.22,-0.01,-1.0,12.41,7,0.0,0.0,-177.3,-90.21,-280.57,0.00075,0.0005,23.45,-35.86
462,none,100,hybrid,14,25,14,2.5,14,25,65,False,20,False,0.5,14,"['supertrend', 'rsi']",2.0,6.0,10000,8980.12,-1019.88,-10.2,-10.23,-0.22,-0.01,-1.0,10.2,7,0.0,0.0,-145.7,-76.12,-229.21,0.00075,0.0005,23.45,-33.65
463,none,100,hybrid,14,25,14,2.5,14,25,70,False,20,False,0.5,14,"['supertrend', 'rsi']",2.0,4.0,10000,9528.91,-471.09,-4.71,-4.72,-0.14,-0.0,-1.0,4.71,3,0.0,0.0,-157.03,-80.78,-236.13,0.00075,0.0005,23.45,-28.16
464,none,100,hybrid,14,25,14,2.5,14,25,70,False,20,False,0.5,14,"['supertrend', 'rsi']",2.5,5.0,10000,9422.31,-577.69,-5.78,-5.79,-0.14,-0.0,-1.0,5.78,3,0.0,0.0,-192.56,-97.05,-291.04,0.00075,0.0005,23.45,-29.23
465,none,100,hybrid,14,25,14,2.5,14,25,70,False,20,False,0.5,14,"['supertrend', 'rsi']",2.0,6.0,10000,9528.91,-471.09,-4.71,-4.72,-0.14,-0.0,-1.0,4.71,3,0.0,0.0,-157.03,-80.78,-236.13,0.00075,0.0005,23.45,-28.16
466,none,100,hybrid,14,25,14,2.5,14,25,75,False,20,False,0.5,14,"['supertrend', 'rsi']",2.0,4.0,10000,9915.94,-84.06,-0.84,-0.84,-0.08,,-1.0,0.84,1,0.0,0.0,-84.06,-84.06,-84.06,0.00075,0.0005,23.45,-24.29
467,none,100,hybrid,14,25,14,2.5,14,25,75,False,20,False,0.5,14,"['supertrend', 'rsi']",2.5,5.0,10000,9898.05,-101.95,-1.02,-1.02,-0.08,,-1.0,1.02,1,0.0,0.0,-101.95,-101.95,-101.95,0.00075,0.0005,23.45,-24.47
468,none,100,hybrid,14,25,14,2.5,14,25,75,False,20,False,0.5,14,"['supertrend', 'rsi']",2.0,6.0,10000,9915.94,-84.06,-0.84,-0.84,-0.08,,-1.0,0.84,1,0.0,0.0,-84.06,-84.06,-84.06,0.00075,0.0005,23.45,-24.29
469,none,100,hybrid,14,25,14,2.5,14,30,65,False,20,False,0.5,14,"['supertrend', 'rsi']",2.0,4.0,10000,9297.99,-702.01,-7.02,-7.04,-0.09,-0.01,-0.79,8.96,9,11.11,0.42,-78.0,516.94,-237.32,0.00075,0.0005,23.45,-30.47
470,none,100,hybrid,14,25,14,2.5,14,30,65,False,20,False,0.5,14,"['supertrend', 'rsi']",2.5,5.0,10000,9032.57,-967.43,-9.67,-9.7,-0.11,-0.01,-0.89,10.92,9,11.11,0.35,-107.49,513.25,-289.33,0.00075,0.0005,23.45,-33.12
471,none,100,hybrid,14,25,14,2.5,14,30,65,False,20,False,0.5,14,"['supertrend', 'rsi']",2.0,6.0,10000,9297.99,-702.01,-7.02,-7.04,-0.09,-0.01,-0.79,8.96,9,11.11,0.42,-78.0,516.94,-237.32,0.00075,0.0005,23.45,-30.47
472,none,100,hybrid,14,25,14,2.5,14,30,70,False,20,False,0.5,14,"['supertrend', 'rsi']",2.0,4.0,10000,9203.82,-796.18,-7.96,-7.98,-0.18,-0.01,-1.0,7.96,5,0.0,0.0,-159.24,-78.02,-228.08,0.00075,0.0005,23.45,-31.41
473,none,100,hybrid,14,25,14,2.5,14,30,70,False,20,False,0.5,14,"['supertrend', 'rsi']",2.5,5.0,10000,10069.03,69.03,0.69,0.69,0.01,0.0,0.17,3.96,4,25.0,1.11,17.26,687.44,-311.01,0.00075,0.0005,23.45,-22.76
474,none,100,hybrid,14,25,14,2.5,14,30,70,False,20,False,0.5,14,"['supertrend', 'rsi']",2.0,6.0,10000,9203.82,-796.18,-7.96,-7.98,-0.18,-0.01,-1.0,7.96,5,0.0,0.0,-159.24,-78.02,-228.08,0.00075,0.0005,23.45,-31.41
475,none,100,hybrid,14,25,14,2.5,14,30,75,False,20,False,0.5,14,"['supertrend', 'rsi']",2.0,4.0,10000,9577.65,-422.35,-4.22,-4.23,-0.14,-0.0,-1.0,4.22,3,0.0,0.0,-140.78,-81.19,-175.7,0.00075,0.0005,23.45,-27.67
476,none,100,hybrid,14,25,14,2.5,14,30,75,False,20,False,0.5,14,"['supertrend', 'rsi']",2.5,5.0,10000,9482.92,-517.08,-5.17,-5.18,-0.14,-0.0,-1.0,5.17,3,0.0,0.0,-172.36,-97.67,-215.71,0.00075,0.0005,23.45,-28.62
477,none,100,hybrid,14,25,14,2.5,14,30,75,False,20,False,0.5,14,"['supertrend', 'rsi']",2.0,6.0,10000,9577.65,-422.35,-4.22,-4.23,-0.14,-0.0,-1.0,4.22,3,0.0,0.0,-140.78,-81.19,-175.7,0.00075,0.0005,23.45,-27.67
478,none,100,hybrid,14,25,14,2.5,14,35,65,False,20,False,0.5,14,"['supertrend', 'rsi']",2.0,4.0,10000,9731.58,-268.42,-2.68,-2.69,-0.01,-0.0,-0.19,14.46,15,13.33,0.86,-17.89,1177.61,-225.29,0.00075,0.0005,23.45,-26.13
479,none,100,hybrid,14,25,14,2.5,14,35,65,False,20,False,0.5,14,"['supertrend', 'rsi']",2.5,5.0,10000,9271.42,-728.58,-7.29,-7.31,-0.03,-0.01,-0.39,18.51,15,13.33,0.69,-48.57,1121.92,-271.33,0.00075,0.0005,23.45,-30.74
480,none,100,hybrid,14,25,14,2.5,14,35,65,False,20,False,0.5,14,"['supertrend', 'rsi']",2.0,6.0,10000,9731.58,-268.42,-2.68,-2.69,-0.01,-0.0,-0.19,14.46,15,13.33,0.86,-17.89,1177.61,-225.29,0.00075,0.0005,23.45,-26.13
481,none,100,hybrid,14,25,14,2.5,14,35,70,False,20,False,0.5,14,"['supertrend', 'rsi']",2.0,4.0,10000,9633.02,-366.98,-3.67,-3.68,-0.02,-0.0,-0.24,15.33,11,9.09,0.76,-33.36,1165.68,-216.51,0.00075,0.0005,23.45,-27.12
482,none,100,hybrid,14,25,14,2.5,14,35,70,False,20,False,0.5,14,"['supertrend', 'rsi']",2.5,5.0,10000,10335.29,335.29,3.35,3.36,0.02,0.0,0.36,9.44,10,20.0,1.21,33.53,1250.66,-291.66,0.00075,0.0005,23.45,-20.1
483,none,100,hybrid,14,25,14,2.5,14,35,70,False,20,False,0.5,14,"['supertrend', 'rsi']",2.0,6.0,10000,9633.02,-366.98,-3.67,-3.68,-0.02,-0.0,-0.24,15.33,11,9.09,0.76,-33.36,1165.68,-216.51,0.00075,0.0005,23.45,-27.12
484,none,100,hybrid,14,25,14,2.5,14,35,75,False,20,False,0.5,14,"['supertrend', 'rsi']",2.0,4.0,10000,8721.69,-1278.31,-12.78,-12.82,-0.25,-0.02,-1.0,12.78,9,0.0,0.0,-142.03,-75.66,-174.99,0.00075,0.0005,23.45,-36.23
485,none,100,hybrid,14,25,14,2.5,14,35,75,False,20,False,0.5,14,"['supertrend', 'rsi']",2.5,5.0,10000,8449.79,-1550.21,-15.5,-15.54,-0.25,-0.02,-1.0,15.5,9,0.0,0.0,-172.25,-89.52,-214.0,0.00075,0.0005,23.45,-38.95
486,none,100,hybrid,14,25,14,2.5,14,35,75,False,20,False,0.5,14,"['supertrend', 'rsi']",2.0,6.0,10000,8721.69,-1278.31,-12.78,-12.82,-0.25,-0.02,-1.0,12.78,9,0.0,0.0,-142.03,-75.66,-174.99,0.00075,0.0005,23.45,-36.23
