id,ema_pullback,ema_trend_h1,rsi_period,atr_period,rsi_long_min,rsi_long_max,rsi_short_min,rsi_short_max,atr_multiplier,time_exit_hour,initial_capital,final_value,net_profit,total_return_pct,annual_return_pct,sharpe_ratio,sortino_ratio,calmar_ratio,max_drawdown_pct,num_trades,win_rate_pct,profit_factor,avg_trade,best_trade,worst_trade,commission,slippage,buy_hold_return_pct,excess_return_pct
1,21,100,14,14,40,60,35,50,1.5,23,10000,7702.65,-2297.35,-22.97,-41.27,-0.1,-0.06,-1.28,32.16,530,34.91,0.89,-4.33,670.41,-223.21,0.00075,0.0005,38.24,-61.21
2,21,100,14,14,40,60,35,50,2.0,23,10000,7511.26,-2488.74,-24.89,-44.21,-0.1,-0.05,-1.33,33.23,434,35.48,0.88,-5.73,658.52,-259.96,0.00075,0.0005,38.24,-63.13
3,21,100,14,14,40,60,35,50,2.5,23,10000,7759.82,-2240.18,-22.4,-40.38,-0.08,-0.03,-1.29,31.34,384,36.46,0.9,-5.83,766.59,-339.64,0.00075,0.0005,38.24,-60.64
4,21,100,14,14,40,60,35,55,1.5,23,10000,7789.59,-2210.41,-22.1,-39.91,-0.09,-0.06,-1.19,33.4,557,35.37,0.9,-3.97,662.85,-225.71,0.00075,0.0005,38.24,-60.34
5,21,100,14,14,40,60,35,55,2.0,23,10000,7542.9,-2457.1,-24.57,-43.73,-0.1,-0.05,-1.27,34.37,458,35.81,0.89,-5.36,648.75,-259.96,0.00075,0.0005,38.24,-62.81
6,21,100,14,14,40,60,35,55,2.5,23,10000,7529.86,-2470.14,-24.7,-43.93,-0.09,-0.04,-1.29,34.04,400,37.0,0.89,-6.18,720.77,-326.36,0.00075,0.0005,38.24,-62.94
7,21,100,14,14,40,60,40,50,1.5,23,10000,8912.35,-1087.65,-10.88,-20.93,-0.04,-0.02,-0.94,22.24,484,36.16,0.95,-2.25,799.61,-211.25,0.00075,0.0005,38.24,-49.12
8,21,100,14,14,40,60,40,50,2.0,23,10000,8573.53,-1426.47,-14.26,-26.94,-0.05,-0.02,-1.14,23.59,400,36.0,0.93,-3.57,818.93,-266.16,0.00075,0.0005,38.24,-52.5
9,21,100,14,14,40,60,40,50,2.5,23,10000,9338.81,-661.19,-6.61,-13.02,-0.01,-0.0,-0.47,27.41,354,37.29,0.97,-1.87,889.82,-378.27,0.00075,0.0005,38.24,-44.85
10,21,100,14,14,40,60,40,55,1.5,23,10000,8600.34,-1399.66,-14.0,-26.47,-0.05,-0.03,-0.92,28.84,521,36.08,0.94,-2.69,758.13,-209.48,0.00075,0.0005,38.24,-52.24
11,21,100,14,14,40,60,40,55,2.0,23,10000,7720.15,-2279.85,-22.8,-41.0,-0.09,-0.04,-1.27,32.24,435,35.86,0.89,-5.24,744.78,-259.96,0.00075,0.0005,38.24,-61.04
12,21,100,14,14,40,60,40,55,2.5,23,10000,7933.79,-2066.21,-20.66,-37.62,-0.07,-0.03,-1.22,30.76,379,36.94,0.9,-5.45,765.01,-340.95,0.00075,0.0005,38.24,-58.9
13,21,100,14,14,40,65,35,50,1.5,23,10000,7498.28,-2501.72,-25.02,-44.41,-0.1,-0.06,-1.32,33.72,559,33.81,0.89,-4.48,658.95,-220.79,0.00075,0.0005,38.24,-63.26
14,21,100,14,14,40,65,35,50,2.0,23,10000,7187.48,-2812.52,-28.13,-49.0,-0.11,-0.05,-1.36,36.11,460,34.57,0.87,-6.11,634.01,-259.96,0.00075,0.0005,38.24,-66.37
15,21,100,14,14,40,65,35,50,2.5,23,10000,7407.99,-2592.01,-25.92,-45.76,-0.09,-0.04,-1.36,33.77,402,35.57,0.88,-6.45,711.94,-331.13,0.00075,0.0005,38.24,-64.16
16,21,100,14,14,40,65,35,55,1.5,23,10000,7329.08,-2670.92,-26.71,-46.93,-0.11,-0.07,-1.27,37.02,584,34.08,0.89,-4.57,628.93,-223.27,0.00075,0.0005,38.24,-64.95
17,21,100,14,14,40,65,35,55,2.0,23,10000,6985.51,-3014.49,-30.14,-51.88,-0.12,-0.06,-1.33,39.05,480,34.58,0.87,-6.28,603.76,-259.96,0.00075,0.0005,38.24,-68.38
18,21,100,14,14,40,65,35,55,2.5,23,10000,6651.81,-3348.19,-33.48,-56.45,-0.13,-0.05,-1.36,41.49,416,35.34,0.85,-8.05,640.43,-321.73,0.00075,0.0005,38.24,-71.72
19,21,100,14,14,40,65,40,50,1.5,23,10000,8675.89,-1324.11,-13.24,-25.15,-0.04,-0.03,-0.93,27.03,513,34.89,0.94,-2.58,785.95,-223.92,0.00075,0.0005,38.24,-51.48
20,21,100,14,14,40,65,40,50,2.0,23,10000,8221.88,-1778.12,-17.78,-32.92,-0.06,-0.03,-1.24,26.49,426,34.98,0.92,-4.17,790.18,-270.61,0.00075,0.0005,38.24,-56.02
21,21,100,14,14,40,65,40,50,2.5,23,10000,8814.12,-1185.88,-11.86,-22.69,-0.03,-0.01,-0.77,29.49,371,36.12,0.95,-3.2,817.01,-364.6,0.00075,0.0005,38.24,-50.1
22,21,100,14,14,40,65,40,55,1.5,23,10000,8091.9,-1908.1,-19.08,-35.06,-0.07,-0.05,-1.04,33.62,548,34.67,0.92,-3.48,719.33,-215.03,0.00075,0.0005,38.24,-57.32
23,21,100,14,14,40,65,40,55,2.0,23,10000,7165.28,-2834.72,-28.35,-49.32,-0.11,-0.06,-1.34,36.91,457,34.57,0.87,-6.2,694.64,-259.96,0.00075,0.0005,38.24,-66.59
24,21,100,14,14,40,65,40,55,2.5,23,10000,7008.64,-2991.36,-29.91,-51.56,-0.12,-0.05,-1.36,37.95,395,35.19,0.86,-7.57,679.74,-321.73,0.00075,0.0005,38.24,-68.15
25,21,100,14,14,45,60,35,50,1.5,23,10000,7541.14,-2458.86,-24.59,-43.76,-0.11,-0.06,-1.31,33.34,512,34.38,0.88,-4.8,670.06,-221.92,0.00075,0.0005,38.24,-62.83
26,21,100,14,14,45,60,35,50,2.0,23,10000,8032.11,-1967.89,-19.68,-36.04,-0.07,-0.03,-1.26,28.6,421,36.1,0.9,-4.67,700.08,-259.96,0.00075,0.0005,38.24,-57.92
27,21,100,14,14,45,60,35,50,2.5,23,10000,8537.03,-1462.97,-14.63,-27.57,-0.04,-0.02,-0.98,28.12,369,36.86,0.93,-3.96,835.02,-340.72,0.00075,0.0005,38.24,-52.87
28,21,100,14,14,45,60,35,55,1.5,23,10000,7626.25,-2373.75,-23.74,-42.45,-0.1,-0.06,-1.23,34.42,539,34.88,0.89,-4.4,662.51,-224.41,0.00075,0.0005,38.24,-61.98
29,21,100,14,14,45,60,35,55,2.0,23,10000,8065.94,-1934.06,-19.34,-35.49,-0.07,-0.03,-1.2,29.63,445,36.4,0.91,-4.35,689.71,-259.96,0.00075,0.0005,38.24,-57.58
30,21,100,14,14,45,60,35,55,2.5,23,10000,8284.03,-1715.97,-17.16,-31.88,-0.05,-0.02,-1.12,28.59,385,37.4,0.92,-4.46,785.11,-327.4,0.00075,0.0005,38.24,-55.4
31,21,100,14,14,45,60,40,50,1.5,23,10000,8709.76,-1290.24,-12.9,-24.55,-0.05,-0.03,-1.02,24.06,466,35.62,0.93,-2.77,797.75,-198.2,0.00075,0.0005,38.24,-51.14
32,21,100,14,14,45,60,40,50,2.0,23,10000,9146.94,-853.06,-8.53,-16.62,-0.02,-0.01,-0.86,19.37,387,36.69,0.96,-2.2,868.62,-260.15,0.00075,0.0005,38.24,-46.77
33,21,100,14,14,45,60,40,50,2.5,23,10000,10255.67,255.67,2.56,5.28,0.03,0.01,0.22,23.84,339,37.76,1.01,0.75,967.51,-378.79,0.00075,0.0005,38.24,-35.68
34,21,100,14,14,45,60,40,55,1.5,23,10000,8404.84,-1595.16,-15.95,-29.84,-0.06,-0.04,-0.98,30.51,503,35.59,0.92,-3.17,756.37,-199.18,0.00075,0.0005,38.24,-54.19
35,21,100,14,14,45,60,40,55,2.0,23,10000,8236.49,-1763.51,-17.64,-32.67,-0.06,-0.03,-1.19,27.48,422,36.49,0.92,-4.18,789.97,-259.96,0.00075,0.0005,38.24,-55.88
36,21,100,14,14,45,60,40,55,2.5,23,10000,8712.7,-1287.3,-12.87,-24.5,-0.04,-0.01,-0.89,27.51,364,37.36,0.94,-3.54,831.8,-341.42,0.00075,0.0005,38.24,-51.11
37,21,100,14,14,45,65,35,50,1.5,23,10000,7573.34,-2426.66,-24.27,-43.26,-0.1,-0.06,-1.31,33.06,542,33.58,0.89,-4.48,675.17,-219.52,0.00075,0.0005,38.24,-62.51
38,21,100,14,14,45,65,35,50,2.0,23,10000,7818.5,-2181.5,-21.82,-39.46,-0.08,-0.04,-1.29,30.5,447,35.35,0.9,-4.88,679.93,-259.96,0.00075,0.0005,38.24,-60.06
39,21,100,14,14,45,65,35,50,2.5,23,10000,8126.74,-1873.26,-18.73,-34.49,-0.06,-0.02,-1.15,29.98,388,36.08,0.91,-4.83,761.7,-326.27,0.00075,0.0005,38.24,-56.97
40,21,100,14,14,45,65,35,55,1.5,23,10000,7400.57,-2599.43,-25.99,-45.87,-0.11,-0.07,-1.26,36.45,567,33.86,0.89,-4.58,644.25,-221.98,0.00075,0.0005,38.24,-64.23
41,21,100,14,14,45,65,35,55,2.0,23,10000,7598.79,-2401.21,-24.01,-42.88,-0.09,-0.04,-1.27,33.7,467,35.33,0.89,-5.14,647.48,-259.96,0.00075,0.0005,38.24,-62.25
42,21,100,14,14,45,65,35,55,2.5,23,10000,7297.2,-2702.8,-27.03,-47.4,-0.1,-0.04,-1.32,35.95,402,35.82,0.88,-6.72,685.19,-321.73,0.00075,0.0005,38.24,-65.27
43,21,100,14,14,45,65,40,50,1.5,23,10000,8746.96,-1253.04,-12.53,-23.89,-0.04,-0.03,-0.89,26.74,496,34.68,0.94,-2.53,803.85,-213.91,0.00075,0.0005,38.24,-50.77
44,21,100,14,14,45,65,40,50,2.0,23,10000,8923.12,-1076.88,-10.77,-20.73,-0.03,-0.01,-0.9,22.96,413,35.84,0.95,-2.61,845.46,-266.82,0.00075,0.0005,38.24,-49.01
45,21,100,14,14,45,65,40,50,2.5,23,10000,9651.89,-348.11,-3.48,-6.97,0.0,0.0,-0.27,26.3,357,36.69,0.98,-0.98,872.54,-358.61,0.00075,0.0005,38.24,-41.72
46,21,100,14,14,45,65,40,55,1.5,23,10000,8156.12,-1843.88,-18.44,-34.01,-0.07,-0.04,-1.03,33.1,531,34.46,0.92,-3.47,735.53,-205.36,0.00075,0.0005,38.24,-56.68
47,21,100,14,14,45,65,40,55,2.0,23,10000,7776.4,-2223.6,-22.24,-40.12,-0.08,-0.04,-1.27,31.53,444,35.36,0.9,-5.01,743.23,-259.96,0.00075,0.0005,38.24,-60.48
48,21,100,14,14,45,65,40,55,2.5,23,10000,7674.8,-2325.2,-23.25,-41.7,-0.08,-0.03,-1.3,32.05,381,35.7,0.89,-6.1,725.94,-321.73,0.00075,0.0005,38.24,-61.49
49,21,150,14,14,40,60,35,50,1.5,23,10000,6386.13,-3613.87,-36.14,-59.93,-0.18,-0.11,-1.37,43.76,520,33.85,0.82,-6.95,561.77,-219.33,0.00075,0.0005,38.24,-74.38
50,21,150,14,14,40,60,35,50,2.0,23,10000,6688.61,-3311.39,-33.11,-55.96,-0.15,-0.07,-1.38,40.54,422,34.6,0.83,-7.85,576.92,-259.96,0.00075,0.0005,38.24,-71.35
51,21,150,14,14,40,60,35,50,2.5,23,10000,7438.83,-2561.17,-25.61,-45.3,-0.1,-0.04,-1.26,36.07,371,35.58,0.88,-6.9,735.25,-349.69,0.00075,0.0005,38.24,-63.85
52,21,150,14,14,40,60,35,55,1.5,23,10000,6556.88,-3443.12,-34.43,-57.71,-0.17,-0.1,-1.33,43.5,549,34.79,0.83,-6.27,563.93,-221.79,0.00075,0.0005,38.24,-72.67
53,21,150,14,14,40,60,35,55,2.0,23,10000,6607.63,-3392.37,-33.92,-57.04,-0.15,-0.07,-1.35,42.37,445,34.83,0.84,-7.62,559.13,-259.96,0.00075,0.0005,38.24,-72.16
54,21,150,14,14,40,60,35,55,2.5,23,10000,7414.77,-2585.23,-25.85,-45.66,-0.1,-0.04,-1.22,37.48,386,36.27,0.88,-6.7,710.12,-350.62,0.00075,0.0005,38.24,-64.09
55,21,150,14,14,40,60,40,50,1.5,23,10000,7064.2,-2935.8,-29.36,-50.77,-0.14,-0.09,-1.36,37.46,481,34.51,0.85,-6.1,640.58,-198.2,0.00075,0.0005,38.24,-67.6
56,21,150,14,14,40,60,40,50,2.0,23,10000,7163.06,-2836.94,-28.37,-49.36,-0.13,-0.06,-1.33,37.19,393,34.86,0.85,-7.22,673.15,-259.96,0.00075,0.0005,38.24,-66.61
57,21,150,14,14,40,60,40,50,2.5,23,10000,8323.99,-1676.01,-16.76,-31.21,-0.05,-0.02,-1.0,31.13,345,36.23,0.92,-4.86,793.53,-360.62,0.00075,0.0005,38.24,-55.0
58,21,150,14,14,40,60,40,55,1.5,23,10000,7123.92,-2876.08,-28.76,-49.92,-0.13,-0.08,-1.3,38.35,516,35.27,0.86,-5.57,634.7,-198.2,0.00075,0.0005,38.24,-67.0
59,21,150,14,14,40,60,40,55,2.0,23,10000,6626.74,-3373.26,-33.73,-56.79,-0.16,-0.07,-1.36,41.65,425,34.82,0.83,-7.94,628.97,-259.96,0.00075,0.0005,38.24,-71.97
60,21,150,14,14,40,60,40,55,2.5,23,10000,7643.7,-2356.3,-23.56,-42.18,-0.09,-0.03,-1.16,36.3,367,36.24,0.89,-6.42,737.41,-357.05,0.00075,0.0005,38.24,-61.8
61,21,150,14,14,40,65,35,50,1.5,23,10000,6243.72,-3756.28,-37.56,-61.73,-0.18,-0.11,-1.38,44.81,548,33.03,0.82,-6.85,552.17,-216.96,0.00075,0.0005,38.24,-75.8
62,21,150,14,14,40,65,35,50,2.0,23,10000,6588.89,-3411.11,-34.11,-57.29,-0.15,-0.07,-1.38,41.43,446,34.3,0.84,-7.65,568.77,-259.96,0.00075,0.0005,38.24,-72.35
63,21,150,14,14,40,65,35,50,2.5,23,10000,7122.75,-2877.25,-28.77,-49.94,-0.11,-0.04,-1.34,37.34,387,35.14,0.87,-7.43,680.51,-341.59,0.00075,0.0005,38.24,-67.01
64,21,150,14,14,40,65,35,55,1.5,23,10000,6300.42,-3699.58,-37.0,-61.02,-0.18,-0.11,-1.34,45.51,576,33.85,0.83,-6.42,544.08,-219.39,0.00075,0.0005,38.24,-75.24
65,21,150,14,14,40,65,35,55,2.0,23,10000,6433.31,-3566.69,-35.67,-59.32,-0.16,-0.08,-1.35,43.91,467,34.48,0.84,-7.64,544.13,-259.96,0.00075,0.0005,38.24,-73.91
66,21,150,14,14,40,65,35,55,2.5,23,10000,6778.31,-3221.69,-32.22,-54.75,-0.13,-0.05,-1.34,40.92,400,35.5,0.85,-8.05,648.78,-339.17,0.00075,0.0005,38.24,-70.46
67,21,150,14,14,40,65,40,50,1.5,23,10000,6891.79,-3108.21,-31.08,-53.19,-0.15,-0.09,-1.37,38.92,509,33.4,0.85,-6.11,628.28,-198.25,0.00075,0.0005,38.24,-69.32
68,21,150,14,14,40,65,40,50,2.0,23,10000,7041.07,-2958.93,-29.59,-51.1,-0.13,-0.06,-1.34,38.21,417,34.29,0.85,-7.1,662.21,-259.96,0.00075,0.0005,38.24,-67.83
69,21,150,14,14,40,65,40,50,2.5,23,10000,7953.12,-2046.88,-20.47,-37.31,-0.07,-0.03,-1.1,34.01,361,35.46,0.9,-5.67,732.87,-352.27,0.00075,0.0005,38.24,-58.71
70,21,150,14,14,40,65,40,55,1.5,23,10000,6830.54,-3169.46,-31.69,-54.03,-0.15,-0.09,-1.3,41.6,543,34.07,0.85,-5.84,611.05,-202.23,0.00075,0.0005,38.24,-69.93
71,21,150,14,14,40,65,40,55,2.0,23,10000,6438.01,-3561.99,-35.62,-59.26,-0.16,-0.08,-1.37,43.32,447,34.23,0.83,-7.97,610.77,-259.96,0.00075,0.0005,38.24,-73.86
72,21,150,14,14,40,65,40,55,2.5,23,10000,6972.53,-3027.47,-30.27,-52.06,-0.12,-0.05,-1.3,39.93,381,35.17,0.86,-7.95,672.27,-345.39,0.00075,0.0005,38.24,-68.51
73,21,150,14,14,45,60,35,50,1.5,23,10000,6164.38,-3835.62,-38.36,-62.71,-0.2,-0.12,-1.38,45.51,504,33.13,0.8,-7.61,556.36,-218.23,0.00075,0.0005,38.24,-76.6
74,21,150,14,14,45,60,35,50,2.0,23,10000,7031.79,-2968.21,-29.68,-51.23,-0.13,-0.06,-1.37,37.49,411,35.04,0.85,-7.22,606.99,-259.96,0.00075,0.0005,38.24,-67.92
75,21,150,14,14,45,60,35,50,2.5,23,10000,7999.47,-2000.53,-20.01,-36.56,-0.07,-0.03,-1.06,34.47,358,35.75,0.91,-5.59,789.29,-350.17,0.00075,0.0005,38.24,-58.25
76,21,150,14,14,45,60,35,55,1.5,23,10000,6329.19,-3670.81,-36.71,-60.65,-0.19,-0.11,-1.34,45.27,533,34.15,0.82,-6.89,558.49,-220.68,0.00075,0.0005,38.24,-74.95
77,21,150,14,14,45,60,35,55,2.0,23,10000,6946.65,-3053.35,-30.53,-52.43,-0.14,-0.06,-1.33,39.39,434,35.25,0.85,-7.04,588.27,-259.96,0.00075,0.0005,38.24,-68.77
78,21,150,14,14,45,60,35,55,2.5,23,10000,7973.59,-2026.41,-20.26,-36.98,-0.07,-0.03,-1.03,35.91,373,36.46,0.91,-5.43,762.3,-351.1,0.00075,0.0005,38.24,-58.5
79,21,150,14,14,45,60,40,50,1.5,23,10000,6811.54,-3188.46,-31.88,-54.29,-0.16,-0.1,-1.39,39.08,466,33.69,0.83,-6.84,633.72,-198.2,0.00075,0.0005,38.24,-70.12
80,21,150,14,14,45,60,40,50,2.0,23,10000,7522.46,-2477.54,-24.78,-44.04,-0.11,-0.05,-1.3,33.99,383,35.25,0.87,-6.47,707.47,-259.96,0.00075,0.0005,38.24,-63.02
81,21,150,14,14,45,60,40,50,2.5,23,10000,8941.67,-1058.33,-10.58,-20.4,-0.03,-0.01,-0.71,28.66,333,36.34,0.95,-3.18,850.93,-361.11,0.00075,0.0005,38.24,-48.82
82,21,150,14,14,45,60,40,55,1.5,23,10000,6869.12,-3130.88,-31.31,-53.5,-0.15,-0.09,-1.33,40.23,501,34.53,0.84,-6.25,627.91,-198.2,0.00075,0.0005,38.24,-69.55
83,21,150,14,14,45,60,40,55,2.0,23,10000,6959.23,-3040.77,-30.41,-52.25,-0.14,-0.06,-1.35,38.73,415,35.18,0.84,-7.33,661.03,-259.96,0.00075,0.0005,38.24,-68.65
84,21,150,14,14,45,60,40,55,2.5,23,10000,8210.9,-1789.1,-17.89,-33.1,-0.06,-0.02,-0.95,34.77,355,36.34,0.91,-5.04,790.75,-357.54,0.00075,0.0005,38.24,-56.13
85,21,150,14,14,45,65,35,50,1.5,23,10000,6210.9,-3789.1,-37.89,-62.14,-0.19,-0.11,-1.38,45.1,534,32.58,0.82,-7.1,560.0,-215.87,0.00075,0.0005,38.24,-76.13
86,21,150,14,14,45,65,35,50,2.0,23,10000,7038.87,-2961.13,-29.61,-51.13,-0.13,-0.06,-1.35,37.85,436,34.86,0.86,-6.79,602.98,-259.96,0.00075,0.0005,38.24,-67.85
87,21,150,14,14,45,65,35,50,2.5,23,10000,7629.5,-2370.5,-23.71,-42.4,-0.09,-0.03,-1.21,35.15,376,35.37,0.89,-6.3,716.75,-335.97,0.00075,0.0005,38.24,-61.95
88,21,150,14,14,45,65,35,55,1.5,23,10000,6267.31,-3732.69,-37.33,-61.43,-0.18,-0.11,-1.34,45.8,562,33.45,0.83,-6.64,551.8,-218.29,0.00075,0.0005,38.24,-75.57
89,21,150,14,14,45,65,35,55,2.0,23,10000,6872.66,-3127.34,-31.27,-53.45,-0.13,-0.07,-1.32,40.54,457,35.01,0.86,-6.84,576.86,-259.96,0.00075,0.0005,38.24,-69.51
90,21,150,14,14,45,65,35,55,2.5,23,10000,7260.55,-2739.45,-27.39,-47.94,-0.1,-0.04,-1.24,38.58,389,35.73,0.87,-7.04,683.33,-333.59,0.00075,0.0005,38.24,-65.63
91,21,150,14,14,45,65,40,50,1.5,23,10000,6855.56,-3144.44,-31.44,-53.69,-0.15,-0.09,-1.39,38.69,495,32.93,0.84,-6.35,637.19,-198.2,0.00075,0.0005,38.24,-69.68
92,21,150,14,14,45,65,40,50,2.0,23,10000,7521.92,-2478.08,-24.78,-44.05,-0.1,-0.05,-1.28,34.49,407,34.89,0.88,-6.09,702.05,-259.96,0.00075,0.0005,38.24,-63.02
93,21,150,14,14,45,65,40,50,2.5,23,10000,8518.95,-1481.05,-14.81,-27.88,-0.05,-0.02,-0.86,32.54,350,35.71,0.93,-4.23,771.9,-346.48,0.00075,0.0005,38.24,-53.05
94,21,150,14,14,45,65,40,55,1.5,23,10000,6794.64,-3205.36,-32.05,-54.53,-0.15,-0.09,-1.33,41.11,529,33.65,0.85,-6.06,619.71,-198.2,0.00075,0.0005,38.24,-70.29
95,21,150,14,14,45,65,40,55,2.0,23,10000,6877.68,-3122.32,-31.22,-53.38,-0.13,-0.07,-1.35,39.45,437,34.78,0.85,-7.14,647.52,-259.96,0.00075,0.0005,38.24,-69.46
96,21,150,14,14,45,65,40,55,2.5,23,10000,7468.59,-2531.41,-25.31,-44.85,-0.1,-0.04,-1.19,37.65,370,35.41,0.88,-6.84,708.07,-339.71,0.00075,0.0005,38.24,-63.55
97,21,200,14,14,40,60,35,50,1.5,23,10000,5890.72,-4109.28,-41.09,-66.01,-0.22,-0.13,-1.37,48.12,509,32.81,0.78,-8.07,516.38,-222.69,0.00075,0.0005,38.24,-79.33
98,21,200,14,14,40,60,35,50,2.0,23,10000,5927.73,-4072.27,-40.72,-65.57,-0.2,-0.1,-1.39,47.3,421,33.25,0.79,-9.67,519.11,-259.96,0.00075,0.0005,38.24,-78.96
99,21,200,14,14,40,60,35,50,2.5,23,10000,6565.11,-3434.89,-34.35,-57.6,-0.14,-0.06,-1.39,41.55,369,34.69,0.84,-9.31,660.53,-333.45,0.00075,0.0005,38.24,-72.59
100,21,200,14,14,40,60,35,55,1.5,23,10000,5972.71,-4027.29,-40.27,-65.04,-0.21,-0.13,-1.34,48.56,535,33.46,0.8,-7.53,510.77,-225.63,0.00075,0.0005,38.24,-78.51
101,21,200,14,14,40,60,35,55,2.0,23,10000,5642.02,-4357.98,-43.58,-68.87,-0.22,-0.11,-1.36,50.77,441,32.88,0.78,-9.88,487.99,-259.96,0.00075,0.0005,38.24,-81.82
102,21,200,14,14,40,60,35,55,2.5,23,10000,6176.53,-3823.47,-38.23,-62.56,-0.16,-0.07,-1.36,45.9,382,34.55,0.81,-10.01,606.97,-321.73,0.00075,0.0005,38.24,-76.47
103,21,200,14,14,40,60,40,50,1.5,23,10000,6484.79,-3515.21,-35.15,-58.65,-0.19,-0.11,-1.38,42.45,473,33.4,0.81,-7.43,585.99,-198.2,0.00075,0.0005,38.24,-73.39
104,21,200,14,14,40,60,40,50,2.0,23,10000,6400.04,-3599.96,-36.0,-59.75,-0.17,-0.08,-1.39,42.98,393,33.59,0.8,-9.16,610.64,-259.96,0.00075,0.0005,38.24,-74.24
105,21,200,14,14,40,60,40,50,2.5,23,10000,7333.08,-2666.92,-26.67,-46.87,-0.11,-0.04,-1.29,36.28,343,34.99,0.87,-7.78,711.6,-348.06,0.00075,0.0005,38.24,-64.91
106,21,200,14,14,40,60,40,55,1.5,23,10000,6442.68,-3557.32,-35.57,-59.2,-0.18,-0.11,-1.32,44.79,505,33.86,0.82,-7.04,570.74,-198.2,0.00075,0.0005,38.24,-73.81
107,21,200,14,14,40,60,40,55,2.0,23,10000,5786.78,-4213.22,-42.13,-67.22,-0.21,-0.1,-1.37,49.05,421,33.02,0.78,-10.01,561.4,-259.96,0.00075,0.0005,38.24,-80.37
108,21,200,14,14,40,60,40,55,2.5,23,10000,6420.33,-3579.67,-35.8,-59.49,-0.15,-0.06,-1.37,43.4,362,34.25,0.82,-9.89,635.55,-323.84,0.00075,0.0005,38.24,-74.04
109,21,200,14,14,40,65,35,50,1.5,23,10000,5863.96,-4136.04,-41.36,-66.32,-0.21,-0.13,-1.38,48.17,539,32.28,0.8,-7.67,516.78,-220.28,0.00075,0.0005,38.24,-79.6
110,21,200,14,14,40,65,35,50,2.0,23,10000,6005.23,-3994.77,-39.95,-64.65,-0.19,-0.09,-1.39,46.62,445,33.26,0.8,-8.98,526.3,-259.96,0.00075,0.0005,38.24,-78.19
111,21,200,14,14,40,65,35,50,2.5,23,10000,6432.22,-3567.78,-35.68,-59.33,-0.15,-0.06,-1.4,42.49,385,34.55,0.83,-9.27,625.56,-326.25,0.00075,0.0005,38.24,-73.92
112,21,200,14,14,40,65,35,55,1.5,23,10000,5953.02,-4046.98,-40.47,-65.27,-0.2,-0.13,-1.35,48.52,564,32.98,0.81,-7.18,511.16,-223.19,0.00075,0.0005,38.24,-78.71
113,21,200,14,14,40,65,35,55,2.0,23,10000,5722.93,-4277.07,-42.77,-67.96,-0.21,-0.1,-1.36,50.07,464,32.97,0.79,-9.22,494.76,-259.96,0.00075,0.0005,38.24,-81.01
114,21,200,14,14,40,65,35,55,2.5,23,10000,5852.96,-4147.04,-41.47,-66.45,-0.18,-0.07,-1.37,48.52,397,34.26,0.8,-10.45,574.83,-321.73,0.00075,0.0005,38.24,-79.71
115,21,200,14,14,40,65,40,50,1.5,23,10000,6441.43,-3558.57,-35.59,-59.22,-0.18,-0.11,-1.4,42.39,503,32.6,0.82,-7.07,585.18,-198.2,0.00075,0.0005,38.24,-73.83
116,21,200,14,14,40,65,40,50,2.0,23,10000,6469.75,-3530.25,-35.3,-58.85,-0.16,-0.08,-1.39,42.31,417,33.33,0.82,-8.47,617.77,-259.96,0.00075,0.0005,38.24,-73.54
117,21,200,14,14,40,65,40,50,2.5,23,10000,7172.51,-2827.49,-28.27,-49.22,-0.11,-0.05,-1.32,37.29,360,34.72,0.86,-7.85,672.79,-340.55,0.00075,0.0005,38.24,-66.51
118,21,200,14,14,40,65,40,55,1.5,23,10000,6407.62,-3592.38,-35.92,-59.65,-0.18,-0.11,-1.34,44.49,534,33.15,0.83,-6.73,569.96,-198.2,0.00075,0.0005,38.24,-74.16
119,21,200,14,14,40,65,40,55,2.0,23,10000,5857.13,-4142.87,-41.43,-66.4,-0.2,-0.1,-1.37,48.43,444,32.88,0.79,-9.33,567.96,-259.96,0.00075,0.0005,38.24,-79.67
120,21,200,14,14,40,65,40,55,2.5,23,10000,6073.72,-3926.28,-39.26,-63.82,-0.17,-0.07,-1.38,46.23,378,33.86,0.81,-10.39,600.89,-321.73,0.00075,0.0005,38.24,-77.5
121,21,200,14,14,45,60,35,50,1.5,23,10000,5562.01,-4437.99,-44.38,-69.77,-0.25,-0.15,-1.37,50.84,491,31.57,0.75,-9.04,500.14,-221.57,0.00075,0.0005,38.24,-82.62
122,21,200,14,14,45,60,35,50,2.0,23,10000,6071.96,-3928.04,-39.28,-63.84,-0.2,-0.09,-1.39,46.02,408,33.09,0.79,-9.63,532.87,-259.96,0.00075,0.0005,38.24,-77.52
123,21,200,14,14,45,60,35,50,2.5,23,10000,6917.49,-3082.51,-30.83,-52.83,-0.13,-0.05,-1.35,39.16,358,34.64,0.85,-8.61,695.37,-326.17,0.00075,0.0005,38.24,-69.07
124,21,200,14,14,45,60,35,55,1.5,23,10000,5639.43,-4360.57,-43.61,-68.9,-0.24,-0.14,-1.34,51.23,517,32.3,0.77,-8.43,494.7,-224.49,0.00075,0.0005,38.24,-81.85
125,21,200,14,14,45,60,35,55,2.0,23,10000,5793.03,-4206.97,-42.07,-67.15,-0.21,-0.1,-1.36,49.46,428,32.94,0.78,-9.83,502.12,-259.96,0.00075,0.0005,38.24,-80.31
126,21,200,14,14,45,60,35,55,2.5,23,10000,6511.0,-3489.0,-34.89,-58.31,-0.15,-0.06,-1.36,42.73,371,34.5,0.83,-9.4,639.27,-321.73,0.00075,0.0005,38.24,-73.13
127,21,200,14,14,45,60,40,50,1.5,23,10000,6116.33,-3883.67,-38.84,-63.3,-0.22,-0.13,-1.39,45.45,456,32.02,0.78,-8.52,566.94,-198.2,0.00075,0.0005,38.24,-77.08
128,21,200,14,14,45,60,40,50,2.0,23,10000,6548.68,-3451.32,-34.51,-57.82,-0.17,-0.08,-1.39,41.53,381,33.33,0.81,-9.06,626.16,-259.96,0.00075,0.0005,38.24,-72.75
129,21,200,14,14,45,60,40,50,2.5,23,10000,7718.33,-2281.67,-22.82,-41.03,-0.09,-0.03,-1.19,34.54,333,34.83,0.89,-6.85,748.33,-340.46,0.00075,0.0005,38.24,-61.06
130,21,200,14,14,45,60,40,55,1.5,23,10000,6076.61,-3923.39,-39.23,-63.79,-0.21,-0.13,-1.34,47.66,488,32.58,0.79,-8.04,552.19,-198.2,0.00075,0.0005,38.24,-77.47
131,21,200,14,14,45,60,40,55,2.0,23,10000,5935.26,-4064.74,-40.65,-65.48,-0.21,-0.1,-1.37,47.74,409,33.01,0.78,-9.94,577.04,-259.96,0.00075,0.0005,38.24,-78.89
132,21,200,14,14,45,60,40,55,2.5,23,10000,6760.7,-3239.3,-32.39,-54.99,-0.14,-0.05,-1.37,40.15,352,34.09,0.84,-9.2,668.66,-321.73,0.00075,0.0005,38.24,-70.63
133,21,200,14,14,45,65,35,50,1.5,23,10000,5742.2,-4257.8,-42.58,-67.73,-0.23,-0.14,-1.38,49.24,524,31.49,0.79,-8.13,515.83,-219.17,0.00075,0.0005,38.24,-80.82
134,21,200,14,14,45,65,35,50,2.0,23,10000,6325.22,-3674.78,-36.75,-60.7,-0.17,-0.08,-1.39,43.77,433,33.49,0.82,-8.49,547.87,-259.96,0.00075,0.0005,38.24,-74.99
135,21,200,14,14,45,65,35,50,2.5,23,10000,6750.87,-3249.13,-32.49,-55.12,-0.13,-0.05,-1.39,39.64,376,34.57,0.84,-8.64,646.14,-321.73,0.00075,0.0005,38.24,-70.73
136,21,200,14,14,45,65,35,55,1.5,23,10000,5829.41,-4170.59,-41.71,-66.73,-0.21,-0.13,-1.35,49.59,549,32.24,0.8,-7.6,510.22,-222.06,0.00075,0.0005,38.24,-79.95
137,21,200,14,14,45,65,35,55,2.0,23,10000,6042.21,-3957.79,-39.58,-64.2,-0.19,-0.09,-1.36,47.28,452,33.41,0.81,-8.76,516.26,-259.96,0.00075,0.0005,38.24,-77.82
138,21,200,14,14,45,65,35,55,2.5,23,10000,6145.69,-3854.31,-38.54,-62.94,-0.17,-0.07,-1.37,45.94,388,34.28,0.81,-9.93,594.01,-321.73,0.00075,0.0005,38.24,-76.78
139,21,200,14,14,45,65,40,50,1.5,23,10000,6307.67,-3692.33,-36.92,-60.92,-0.19,-0.12,-1.4,43.59,488,31.76,0.81,-7.57,584.1,-198.2,0.00075,0.0005,38.24,-75.16
140,21,200,14,14,45,65,40,50,2.0,23,10000,6814.49,-3185.51,-31.86,-54.25,-0.14,-0.07,-1.36,39.95,405,33.58,0.83,-7.87,643.09,-259.96,0.00075,0.0005,38.24,-70.1
141,21,200,14,14,45,65,40,50,2.5,23,10000,7527.83,-2472.17,-24.72,-43.96,-0.09,-0.04,-1.23,35.64,351,34.76,0.88,-7.04,694.92,-327.18,0.00075,0.0005,38.24,-62.96
142,21,200,14,14,45,65,40,55,1.5,23,10000,6274.56,-3725.44,-37.25,-61.34,-0.19,-0.12,-1.35,45.37,519,32.37,0.82,-7.18,568.91,-198.2,0.00075,0.0005,38.24,-75.49
143,21,200,14,14,45,65,40,55,2.0,23,10000,6183.89,-3816.11,-38.16,-62.47,-0.18,-0.09,-1.37,45.55,432,33.33,0.81,-8.83,592.64,-259.96,0.00075,0.0005,38.24,-76.4
144,21,200,14,14,45,65,40,55,2.5,23,10000,6377.5,-3622.5,-36.23,-60.04,-0.16,-0.06,-1.38,43.54,369,33.88,0.82,-9.82,620.94,-321.73,0.00075,0.0005,38.24,-74.47
145,34,100,14,14,40,60,35,50,1.5,23,10000,8565.67,-1434.33,-14.34,-27.07,-0.06,-0.03,-1.05,25.67,397,35.26,0.91,-3.61,742.75,-206.04,0.00075,0.0005,38.24,-52.58
146,34,100,14,14,40,60,35,50,2.0,23,10000,9053.08,-946.92,-9.47,-18.36,-0.03,-0.01,-0.79,23.24,327,36.39,0.94,-2.9,762.04,-225.64,0.00075,0.0005,38.24,-47.71
147,34,100,14,14,40,60,35,50,2.5,23,10000,8303.56,-1696.44,-16.96,-31.55,-0.06,-0.02,-1.01,31.15,294,36.39,0.9,-5.77,730.75,-278.92,0.00075,0.0005,38.24,-55.2
148,34,100,14,14,40,60,35,55,1.5,23,10000,8209.11,-1790.89,-17.91,-33.13,-0.08,-0.04,-1.1,30.14,432,34.95,0.89,-4.15,688.08,-203.68,0.00075,0.0005,38.24,-56.15
149,34,100,14,14,40,60,35,55,2.0,23,10000,8590.8,-1409.2,-14.09,-26.64,-0.05,-0.02,-0.91,29.26,359,35.65,0.92,-3.93,698.57,-225.64,0.00075,0.0005,38.24,-52.33
150,34,100,14,14,40,60,35,55,2.5,23,10000,8125.7,-1874.3,-18.74,-34.51,-0.07,-0.03,-0.98,35.22,319,36.05,0.89,-5.88,687.51,-278.92,0.00075,0.0005,38.24,-56.98
151,34,100,14,14,40,60,40,50,1.5,23,10000,9377.67,-622.33,-6.22,-12.28,-0.02,-0.01,-0.58,21.11,372,36.29,0.96,-1.67,808.46,-179.95,0.00075,0.0005,38.24,-44.46
152,34,100,14,14,40,60,40,50,2.0,23,10000,10272.5,272.5,2.73,5.64,0.03,0.01,0.31,18.38,305,37.38,1.02,0.89,901.71,-225.64,0.00075,0.0005,38.24,-35.51
153,34,100,14,14,40,60,40,50,2.5,23,10000,9115.34,-884.66,-8.85,-17.21,-0.02,-0.01,-0.62,27.78,277,37.18,0.94,-3.19,789.06,-278.92,0.00075,0.0005,38.24,-47.09
154,34,100,14,14,40,60,40,55,1.5,23,10000,8919.59,-1080.41,-10.8,-20.8,-0.04,-0.02,-0.78,26.82,411,35.77,0.93,-2.63,743.3,-179.73,0.00075,0.0005,38.24,-49.04
155,34,100,14,14,40,60,40,55,2.0,23,10000,9579.18,-420.82,-4.21,-8.39,-0.0,-0.0,-0.33,25.37,339,36.58,0.97,-1.24,813.24,-225.64,0.00075,0.0005,38.24,-42.45
156,34,100,14,14,40,60,40,55,2.5,23,10000,8905.15,-1094.85,-10.95,-21.06,-0.03,-0.01,-0.65,32.3,302,36.42,0.93,-3.63,737.72,-278.92,0.00075,0.0005,38.24,-49.19
157,34,100,14,14,40,65,35,50,1.5,23,10000,8917.44,-1082.56,-10.83,-20.83,-0.04,-0.02,-1.0,20.76,418,34.93,0.94,-2.59,781.86,-204.11,0.00075,0.0005,38.24,-49.07
158,34,100,14,14,40,65,35,50,2.0,23,10000,9006.33,-993.67,-9.94,-19.22,-0.03,-0.01,-0.88,21.91,343,36.15,0.94,-2.9,762.76,-225.64,0.00075,0.0005,38.24,-48.18
159,34,100,14,14,40,65,35,50,2.5,23,10000,8060.48,-1939.52,-19.4,-35.57,-0.07,-0.03,-1.13,31.56,307,35.83,0.89,-6.32,713.46,-278.92,0.00075,0.0005,38.24,-57.64
160,34,100,14,14,40,65,35,55,1.5,23,10000,8432.8,-1567.2,-15.67,-29.36,-0.06,-0.04,-1.1,26.79,451,34.59,0.91,-3.47,713.8,-201.78,0.00075,0.0005,38.24,-53.91
161,34,100,14,14,40,65,35,55,2.0,23,10000,8432.99,-1567.01,-15.67,-29.36,-0.06,-0.03,-1.01,29.08,373,35.39,0.91,-4.2,689.08,-225.64,0.00075,0.0005,38.24,-53.91
162,34,100,14,14,40,65,35,55,2.5,23,10000,7862.7,-2137.3,-21.37,-38.76,-0.08,-0.03,-1.08,35.82,332,35.54,0.88,-6.44,669.11,-278.92,0.00075,0.0005,38.24,-59.61
163,34,100,14,14,40,65,40,50,1.5,23,10000,9762.78,-237.22,-2.37,-4.78,0.0,0.0,-0.24,20.27,393,35.88,0.99,-0.6,851.02,-192.1,0.00075,0.0005,38.24,-40.61
164,34,100,14,14,40,65,40,50,2.0,23,10000,10219.45,219.45,2.19,4.53,0.03,0.01,0.23,19.34,321,37.07,1.01,0.68,902.56,-225.64,0.00075,0.0005,38.24,-36.05
165,34,100,14,14,40,65,40,50,2.5,23,10000,8848.48,-1151.52,-11.52,-22.08,-0.03,-0.01,-0.78,28.21,290,36.55,0.93,-3.97,770.39,-278.92,0.00075,0.0005,38.24,-49.76
166,34,100,14,14,40,65,40,55,1.5,23,10000,9162.63,-837.37,-8.37,-16.33,-0.02,-0.01,-0.63,25.84,430,35.35,0.95,-1.95,771.09,-191.86,0.00075,0.0005,38.24,-46.61
167,34,100,14,14,40,65,40,55,2.0,23,10000,9403.21,-596.79,-5.97,-11.79,-0.01,-0.0,-0.47,25.18,353,36.26,0.97,-1.69,802.19,-225.64,0.00075,0.0005,38.24,-44.21
168,34,100,14,14,40,65,40,55,2.5,23,10000,8616.92,-1383.08,-13.83,-26.18,-0.04,-0.02,-0.8,32.92,315,35.87,0.92,-4.39,717.97,-278.92,0.00075,0.0005,38.24,-52.07
169,34,100,14,14,45,60,35,50,1.5,23,10000,8363.72,-1636.28,-16.36,-30.54,-0.07,-0.04,-1.13,27.01,374,34.49,0.89,-4.38,729.73,-209.7,0.00075,0.0005,38.24,-54.6
170,34,100,14,14,45,60,35,50,2.0,23,10000,8598.69,-1401.31,-14.01,-26.5,-0.05,-0.02,-0.98,26.99,313,35.46,0.91,-4.48,727.76,-211.95,0.00075,0.0005,38.24,-52.25
171,34,100,14,14,45,60,35,50,2.5,23,10000,8286.85,-1713.15,-17.13,-31.83,-0.06,-0.02,-0.97,32.69,280,36.07,0.89,-6.12,733.86,-266.55,0.00075,0.0005,38.24,-55.37
172,34,100,14,14,45,60,35,55,1.5,23,10000,8015.57,-1984.43,-19.84,-36.3,-0.09,-0.05,-1.15,31.59,409,34.23,0.87,-4.85,676.02,-207.31,0.00075,0.0005,38.24,-58.08
173,34,100,14,14,45,60,35,55,2.0,23,10000,8222.03,-1777.97,-17.78,-32.91,-0.07,-0.03,-1.02,32.21,344,34.88,0.89,-5.17,672.25,-213.78,0.00075,0.0005,38.24,-56.02
174,34,100,14,14,45,60,35,55,2.5,23,10000,8171.37,-1828.63,-18.29,-33.75,-0.07,-0.03,-0.93,36.19,304,35.86,0.89,-6.02,695.72,-262.55,0.00075,0.0005,38.24,-56.53
175,34,100,14,14,45,60,40,50,1.5,23,10000,9059.21,-940.79,-9.41,-18.25,-0.04,-0.02,-0.78,23.35,348,35.34,0.93,-2.7,785.84,-180.99,0.00075,0.0005,38.24,-47.65
176,34,100,14,14,45,60,40,50,2.0,23,10000,9709.51,-290.49,-2.9,-5.83,0.0,0.0,-0.26,22.74,290,36.21,0.98,-1.0,856.97,-207.37,0.00075,0.0005,38.24,-41.14
177,34,100,14,14,45,60,40,50,2.5,23,10000,9052.79,-947.21,-9.47,-18.37,-0.03,-0.01,-0.62,29.74,262,36.64,0.94,-3.62,788.57,-248.4,0.00075,0.0005,38.24,-47.71
178,34,100,14,14,45,60,40,55,1.5,23,10000,8616.69,-1383.31,-13.83,-26.18,-0.06,-0.03,-0.91,28.9,387,34.88,0.91,-3.57,722.51,-180.77,0.00075,0.0005,38.24,-52.07
179,34,100,14,14,45,60,40,55,2.0,23,10000,9054.18,-945.82,-9.46,-18.34,-0.03,-0.01,-0.62,29.36,324,35.49,0.94,-2.92,772.88,-204.97,0.00075,0.0005,38.24,-47.7
180,34,100,14,14,45,60,40,55,2.5,23,10000,8844.05,-1155.95,-11.56,-22.16,-0.04,-0.01,-0.65,34.14,287,35.89,0.93,-4.03,737.26,-259.35,0.00075,0.0005,38.24,-49.8
181,34,100,14,14,45,65,35,50,1.5,23,10000,8951.3,-1048.7,-10.49,-20.22,-0.04,-0.02,-0.98,20.58,397,34.51,0.94,-2.64,789.69,-207.74,0.00075,0.0005,38.24,-48.73
182,34,100,14,14,45,65,35,50,2.0,23,10000,8472.44,-1527.56,-15.28,-28.68,-0.06,-0.03,-1.15,25.02,331,35.35,0.91,-4.61,726.48,-213.34,0.00075,0.0005,38.24,-53.52
183,34,100,14,14,45,65,35,50,2.5,23,10000,7995.11,-2004.89,-20.05,-36.64,-0.08,-0.03,-1.12,32.84,294,35.71,0.88,-6.82,712.12,-263.61,0.00075,0.0005,38.24,-58.29
184,34,100,14,14,45,65,35,55,1.5,23,10000,8464.82,-1535.18,-15.35,-28.81,-0.06,-0.03,-1.06,27.08,430,34.19,0.91,-3.57,720.95,-205.37,0.00075,0.0005,38.24,-53.59
185,34,100,14,14,45,65,35,55,2.0,23,10000,7993.78,-2006.22,-20.06,-36.66,-0.08,-0.04,-1.17,31.43,360,34.72,0.88,-5.57,661.33,-215.17,0.00075,0.0005,38.24,-58.3
186,34,100,14,14,45,65,35,55,2.5,23,10000,7858.59,-2141.41,-21.41,-38.82,-0.08,-0.03,-1.06,36.53,318,35.53,0.87,-6.73,672.96,-259.65,0.00075,0.0005,38.24,-59.65
187,34,100,14,14,45,65,40,50,1.5,23,10000,9695.65,-304.35,-3.04,-6.11,0.0,0.0,-0.35,17.26,371,35.31,0.98,-0.82,850.41,-194.95,0.00075,0.0005,38.24,-41.28
188,34,100,14,14,45,65,40,50,2.0,23,10000,9566.95,-433.05,-4.33,-8.63,-0.0,-0.0,-0.42,20.66,308,36.04,0.97,-1.41,855.46,-207.0,0.00075,0.0005,38.24,-42.57
189,34,100,14,14,45,65,40,50,2.5,23,10000,8734.09,-1265.91,-12.66,-24.12,-0.04,-0.02,-0.81,29.89,276,36.23,0.92,-4.59,765.21,-241.05,0.00075,0.0005,38.24,-50.9
190,34,100,14,14,45,65,40,55,1.5,23,10000,9099.63,-900.37,-9.0,-17.5,-0.03,-0.02,-0.77,22.66,408,34.8,0.95,-2.21,770.53,-194.71,0.00075,0.0005,38.24,-47.24
191,34,100,14,14,45,65,40,55,2.0,23,10000,8802.83,-1197.17,-11.97,-22.9,-0.04,-0.02,-0.8,28.51,340,35.29,0.93,-3.52,760.33,-202.5,0.00075,0.0005,38.24,-50.21
192,34,100,14,14,45,65,40,55,2.5,23,10000,8505.52,-1494.48,-14.94,-28.11,-0.05,-0.02,-0.82,34.49,301,35.55,0.91,-4.97,713.14,-255.53,0.00075,0.0005,38.24,-53.18
193,34,150,14,14,40,60,35,50,1.5,23,10000,7452.33,-2547.67,-25.48,-45.1,-0.13,-0.07,-1.35,33.36,393,34.35,0.83,-6.48,684.61,-208.52,0.00075,0.0005,38.24,-63.72
194,34,150,14,14,40,60,35,50,2.0,23,10000,8134.37,-1865.63,-18.66,-34.36,-0.08,-0.03,-1.27,27.07,324,36.11,0.88,-5.76,725.56,-225.64,0.00075,0.0005,38.24,-56.9
195,34,150,14,14,40,60,35,50,2.5,23,10000,7931.74,-2068.26,-20.68,-37.65,-0.08,-0.03,-1.21,31.1,289,35.29,0.88,-7.16,729.46,-278.92,0.00075,0.0005,38.24,-58.92
196,34,150,14,14,40,60,35,55,1.5,23,10000,7386.92,-2613.08,-26.13,-46.08,-0.13,-0.07,-1.28,35.87,427,34.43,0.84,-6.12,654.55,-206.14,0.00075,0.0005,38.24,-64.37
197,34,150,14,14,40,60,35,55,2.0,23,10000,7753.21,-2246.79,-22.47,-40.48,-0.1,-0.04,-1.22,33.2,354,35.31,0.87,-6.35,679.7,-225.64,0.00075,0.0005,38.24,-60.71
198,34,150,14,14,40,60,35,55,2.5,23,10000,8070.61,-1929.39,-19.29,-35.41,-0.07,-0.03,-1.08,32.74,310,35.48,0.89,-6.22,712.17,-278.92,0.00075,0.0005,38.24,-57.53
199,34,150,14,14,40,60,40,50,1.5,23,10000,8086.25,-1913.75,-19.14,-35.15,-0.09,-0.05,-1.3,26.95,369,34.69,0.87,-5.19,738.54,-175.53,0.00075,0.0005,38.24,-57.38
200,34,150,14,14,40,60,40,50,2.0,23,10000,9171.31,-828.69,-8.29,-16.17,-0.02,-0.01,-0.74,21.72,303,36.3,0.95,-2.73,853.08,-225.64,0.00075,0.0005,38.24,-46.53
201,34,150,14,14,40,60,40,50,2.5,23,10000,8613.63,-1386.37,-13.86,-26.24,-0.05,-0.02,-0.95,27.71,274,35.77,0.91,-5.06,779.2,-278.92,0.00075,0.0005,38.24,-52.1
202,34,150,14,14,40,60,40,55,1.5,23,10000,7976.31,-2023.69,-20.24,-36.94,-0.1,-0.05,-1.24,29.87,406,34.73,0.87,-4.98,702.69,-175.32,0.00075,0.0005,38.24,-58.48
203,34,150,14,14,40,60,40,55,2.0,23,10000,8590.2,-1409.8,-14.1,-26.65,-0.05,-0.02,-0.99,26.86,335,35.52,0.91,-4.21,786.23,-225.64,0.00075,0.0005,38.24,-52.34
204,34,150,14,14,40,60,40,55,2.5,23,10000,8599.45,-1400.55,-14.01,-26.48,-0.05,-0.02,-0.86,30.89,296,35.47,0.92,-4.73,742.98,-278.92,0.00075,0.0005,38.24,-52.25
205,34,150,14,14,40,65,35,50,1.5,23,10000,7543.93,-2456.07,-24.56,-43.71,-0.12,-0.06,-1.34,32.54,417,33.81,0.85,-5.89,700.73,-206.57,0.00075,0.0005,38.24,-62.8
206,34,150,14,14,40,65,35,50,2.0,23,10000,8049.42,-1950.58,-19.51,-35.75,-0.08,-0.04,-1.27,28.19,341,36.07,0.89,-5.72,722.39,-225.64,0.00075,0.0005,38.24,-57.75
207,34,150,14,14,40,65,35,50,2.5,23,10000,7622.82,-2377.18,-23.77,-42.51,-0.1,-0.04,-1.32,32.2,303,34.98,0.86,-7.85,705.11,-278.92,0.00075,0.0005,38.24,-62.01
208,34,150,14,14,40,65,35,55,1.5,23,10000,7463.22,-2536.78,-25.37,-44.93,-0.12,-0.07,-1.28,35.21,450,34.0,0.86,-5.64,667.84,-204.21,0.00075,0.0005,38.24,-63.61
209,34,150,14,14,40,65,35,55,2.0,23,10000,7657.37,-2342.63,-23.43,-41.97,-0.1,-0.04,-1.22,34.48,370,35.41,0.87,-6.33,674.57,-225.64,0.00075,0.0005,38.24,-61.67
210,34,150,14,14,40,65,35,55,2.5,23,10000,7731.58,-2268.42,-22.68,-40.82,-0.09,-0.03,-1.2,34.02,324,35.19,0.88,-7.0,686.2,-278.92,0.00075,0.0005,38.24,-60.92
211,34,150,14,14,40,65,40,50,1.5,23,10000,8185.63,-1814.37,-18.14,-33.52,-0.08,-0.05,-1.18,28.45,393,34.1,0.89,-4.62,755.94,-187.37,0.00075,0.0005,38.24,-56.38
212,34,150,14,14,40,65,40,50,2.0,23,10000,9075.52,-924.48,-9.24,-17.95,-0.03,-0.01,-0.71,25.21,320,36.25,0.94,-2.89,849.35,-225.64,0.00075,0.0005,38.24,-47.48
213,34,150,14,14,40,65,40,50,2.5,23,10000,8278.15,-1721.85,-17.22,-31.98,-0.06,-0.02,-1.01,31.8,288,35.42,0.9,-5.98,753.19,-278.92,0.00075,0.0005,38.24,-55.46
214,34,150,14,14,40,65,40,55,1.5,23,10000,8058.71,-1941.29,-19.41,-35.6,-0.09,-0.05,-1.14,31.16,429,34.27,0.89,-4.53,716.95,-187.14,0.00075,0.0005,38.24,-57.65
215,34,150,14,14,40,65,40,55,2.0,23,10000,8484.02,-1515.98,-15.16,-28.48,-0.05,-0.02,-1.0,28.5,351,35.61,0.91,-4.32,780.3,-225.64,0.00075,0.0005,38.24,-53.4
216,34,150,14,14,40,65,40,55,2.5,23,10000,8238.21,-1761.79,-17.62,-32.64,-0.06,-0.02,-1.0,32.52,310,35.16,0.9,-5.68,715.89,-278.92,0.00075,0.0005,38.24,-55.86
217,34,150,14,14,45,60,35,50,1.5,23,10000,7125.68,-2874.32,-28.74,-49.89,-0.16,-0.08,-1.34,37.37,369,33.33,0.79,-7.79,653.45,-208.36,0.00075,0.0005,38.24,-66.98
218,34,150,14,14,45,60,35,50,2.0,23,10000,7749.64,-2250.36,-22.5,-40.54,-0.1,-0.04,-1.28,31.66,310,35.16,0.85,-7.26,689.54,-214.52,0.00075,0.0005,38.24,-60.74
219,34,150,14,14,45,60,35,50,2.5,23,10000,7939.87,-2060.13,-20.6,-37.52,-0.08,-0.03,-1.14,32.97,275,34.91,0.87,-7.49,728.99,-273.3,0.00075,0.0005,38.24,-58.84
220,34,150,14,14,45,60,35,55,1.5,23,10000,7063.13,-2936.87,-29.37,-50.79,-0.16,-0.08,-1.28,39.72,403,33.5,0.8,-7.29,624.76,-205.98,0.00075,0.0005,38.24,-67.61
221,34,150,14,14,45,60,35,55,2.0,23,10000,7386.51,-2613.49,-26.13,-46.08,-0.12,-0.05,-1.23,37.4,340,34.41,0.84,-7.69,645.96,-216.36,0.00075,0.0005,38.24,-64.37
222,34,150,14,14,45,60,35,55,2.5,23,10000,8078.88,-1921.12,-19.21,-35.27,-0.07,-0.03,-1.02,34.56,296,35.14,0.88,-6.49,711.71,-269.19,0.00075,0.0005,38.24,-57.45
223,34,150,14,14,45,60,40,50,1.5,23,10000,7795.17,-2204.83,-22.05,-39.82,-0.12,-0.06,-1.3,30.53,344,33.72,0.83,-6.41,710.71,-173.36,0.00075,0.0005,38.24,-60.29
224,34,150,14,14,45,60,40,50,2.0,23,10000,8829.55,-1170.45,-11.7,-22.42,-0.04,-0.02,-0.89,25.13,288,35.42,0.92,-4.06,819.27,-198.52,0.00075,0.0005,38.24,-49.94
225,34,150,14,14,45,60,40,50,2.5,23,10000,8733.5,-1266.5,-12.67,-24.13,-0.04,-0.02,-0.84,28.76,259,35.52,0.92,-4.89,788.73,-246.32,0.00075,0.0005,38.24,-50.91
226,34,150,14,14,45,60,40,55,1.5,23,10000,7689.19,-2310.81,-23.11,-41.48,-0.12,-0.06,-1.24,33.47,381,33.86,0.84,-6.07,676.21,-173.15,0.00075,0.0005,38.24,-61.35
227,34,150,14,14,45,60,40,55,2.0,23,10000,8270.1,-1729.9,-17.3,-32.11,-0.07,-0.03,-1.07,30.05,320,34.69,0.89,-5.41,755.07,-209.23,0.00075,0.0005,38.24,-55.54
228,34,150,14,14,45,60,40,55,2.5,23,10000,8719.12,-1280.88,-12.81,-24.38,-0.04,-0.02,-0.76,31.9,281,35.23,0.92,-4.56,752.07,-264.74,0.00075,0.0005,38.24,-51.05
229,34,150,14,14,45,65,35,50,1.5,23,10000,7415.48,-2584.52,-25.85,-45.65,-0.13,-0.07,-1.33,34.2,395,33.16,0.84,-6.54,687.59,-206.41,0.00075,0.0005,38.24,-64.09
230,34,150,14,14,45,65,35,50,2.0,23,10000,7595.34,-2404.66,-24.05,-42.93,-0.11,-0.05,-1.33,32.2,329,35.26,0.85,-7.31,684.68,-215.92,0.00075,0.0005,38.24,-62.29
231,34,150,14,14,45,65,35,50,2.5,23,10000,7584.02,-2415.98,-24.16,-43.1,-0.1,-0.04,-1.28,33.78,290,34.83,0.86,-8.33,700.35,-270.28,0.00075,0.0005,38.24,-62.4
232,34,150,14,14,45,65,35,55,1.5,23,10000,7336.16,-2663.84,-26.64,-46.83,-0.13,-0.07,-1.27,36.8,428,33.41,0.84,-6.22,655.32,-204.06,0.00075,0.0005,38.24,-64.88
233,34,150,14,14,45,65,35,55,2.0,23,10000,7225.41,-2774.59,-27.75,-48.45,-0.12,-0.06,-1.27,38.02,358,34.64,0.84,-7.75,639.36,-217.78,0.00075,0.0005,38.24,-65.99
234,34,150,14,14,45,65,35,55,2.5,23,10000,7692.23,-2307.77,-23.08,-41.43,-0.09,-0.04,-1.17,35.56,311,35.05,0.87,-7.42,681.57,-266.22,0.00075,0.0005,38.24,-61.32
235,34,150,14,14,45,65,40,50,1.5,23,10000,8112.2,-1887.8,-18.88,-34.73,-0.09,-0.05,-1.28,27.03,370,33.51,0.88,-5.1,747.85,-186.72,0.00075,0.0005,38.24,-57.12
236,34,150,14,14,45,65,40,50,2.0,23,10000,8653.74,-1346.26,-13.46,-25.54,-0.05,-0.02,-1.09,23.52,307,35.5,0.92,-4.39,813.49,-207.84,0.00075,0.0005,38.24,-51.7
237,34,150,14,14,45,65,40,50,2.5,23,10000,8342.08,-1657.92,-16.58,-30.9,-0.06,-0.02,-1.04,29.62,274,35.4,0.9,-6.05,757.75,-249.65,0.00075,0.0005,38.24,-54.82
238,34,150,14,14,45,65,40,55,1.5,23,10000,7986.42,-2013.58,-20.14,-36.78,-0.09,-0.05,-1.22,30.25,406,33.74,0.88,-4.96,709.28,-186.49,0.00075,0.0005,38.24,-58.38
239,34,150,14,14,45,65,40,55,2.0,23,10000,8089.73,-1910.27,-19.1,-35.1,-0.08,-0.03,-1.18,29.83,338,34.91,0.89,-5.65,747.35,-206.71,0.00075,0.0005,38.24,-57.34
240,34,150,14,14,45,65,40,55,2.5,23,10000,8301.83,-1698.17,-16.98,-31.58,-0.06,-0.02,-0.96,32.93,296,35.14,0.9,-5.74,720.22,-260.84,0.00075,0.0005,38.24,-55.22
241,34,200,14,14,40,60,35,50,1.5,23,10000,7066.19,-2933.81,-29.34,-50.74,-0.16,-0.08,-1.38,36.82,390,34.1,0.8,-7.52,642.92,-210.09,0.00075,0.0005,38.24,-67.58
242,34,200,14,14,40,60,35,50,2.0,23,10000,7570.58,-2429.42,-24.29,-43.31,-0.11,-0.05,-1.35,32.13,329,35.26,0.84,-7.38,682.36,-225.64,0.00075,0.0005,38.24,-62.53
243,34,200,14,14,40,60,35,50,2.5,23,10000,6844.51,-3155.49,-31.55,-53.84,-0.15,-0.05,-1.38,39.08,295,34.58,0.8,-10.7,667.62,-278.92,0.00075,0.0005,38.24,-69.79
244,34,200,14,14,40,60,35,55,1.5,23,10000,7078.38,-2921.62,-29.22,-50.57,-0.15,-0.08,-1.31,38.55,427,34.43,0.82,-6.84,620.62,-206.5,0.00075,0.0005,38.24,-67.46
245,34,200,14,14,40,60,35,55,2.0,23,10000,7328.31,-2671.69,-26.72,-46.94,-0.12,-0.05,-1.27,36.86,360,34.72,0.84,-7.42,638.17,-225.64,0.00075,0.0005,38.24,-64.96
246,34,200,14,14,40,60,35,55,2.5,23,10000,6957.57,-3042.43,-30.42,-52.27,-0.13,-0.05,-1.29,40.49,318,34.59,0.82,-9.57,663.9,-278.92,0.00075,0.0005,38.24,-68.66
247,34,200,14,14,40,60,40,50,1.5,23,10000,7647.36,-2352.64,-23.53,-42.13,-0.13,-0.06,-1.37,30.67,368,34.51,0.83,-6.39,691.78,-172.91,0.00075,0.0005,38.24,-61.77
248,34,200,14,14,40,60,40,50,2.0,23,10000,8217.39,-1782.61,-17.83,-32.99,-0.08,-0.03,-1.14,28.87,310,35.48,0.88,-5.75,772.37,-225.64,0.00075,0.0005,38.24,-56.07
249,34,200,14,14,40,60,40,50,2.5,23,10000,7265.38,-2734.62,-27.35,-47.87,-0.13,-0.05,-1.35,35.57,281,34.88,0.82,-9.73,697.07,-278.92,0.00075,0.0005,38.24,-65.59
250,34,200,14,14,40,60,40,55,1.5,23,10000,7681.74,-2318.26,-23.18,-41.6,-0.12,-0.06,-1.28,32.39,407,34.89,0.85,-5.7,669.62,-175.81,0.00075,0.0005,38.24,-61.42
251,34,200,14,14,40,60,40,55,2.0,23,10000,7872.32,-2127.68,-21.28,-38.6,-0.09,-0.04,-1.15,33.43,345,35.07,0.86,-6.17,715.72,-225.64,0.00075,0.0005,38.24,-59.52
252,34,200,14,14,40,60,40,55,2.5,23,10000,7242.57,-2757.43,-27.57,-48.2,-0.12,-0.04,-1.28,37.56,305,34.43,0.83,-9.04,676.66,-278.92,0.00075,0.0005,38.24,-65.81
253,34,200,14,14,40,65,35,50,1.5,23,10000,7109.24,-2890.76,-28.91,-50.13,-0.15,-0.08,-1.38,36.43,415,33.98,0.82,-6.97,654.04,-208.12,0.00075,0.0005,38.24,-67.15
254,34,200,14,14,40,65,35,50,2.0,23,10000,7847.19,-2152.81,-21.53,-39.0,-0.09,-0.04,-1.32,29.65,346,35.84,0.87,-6.22,711.63,-225.64,0.00075,0.0005,38.24,-59.77
255,34,200,14,14,40,65,35,50,2.5,23,10000,6919.59,-3080.41,-30.8,-52.8,-0.14,-0.05,-1.4,37.8,309,34.95,0.82,-9.97,678.85,-278.92,0.00075,0.0005,38.24,-69.04
256,34,200,14,14,40,65,35,55,1.5,23,10000,7139.34,-2860.66,-28.61,-49.7,-0.14,-0.08,-1.31,38.02,450,34.44,0.83,-6.36,631.35,-204.57,0.00075,0.0005,38.24,-66.85
257,34,200,14,14,40,65,35,55,2.0,23,10000,7583.66,-2416.34,-24.16,-43.11,-0.1,-0.05,-1.24,34.66,375,35.2,0.86,-6.44,665.54,-225.64,0.00075,0.0005,38.24,-62.4
258,34,200,14,14,40,65,35,55,2.5,23,10000,7126.61,-2873.39,-28.73,-49.88,-0.12,-0.05,-1.3,38.44,332,35.24,0.84,-8.65,675.07,-278.92,0.00075,0.0005,38.24,-66.97
259,34,200,14,14,40,65,40,50,1.5,23,10000,7693.95,-2306.05,-23.06,-41.41,-0.12,-0.06,-1.37,30.25,393,34.35,0.85,-5.87,703.74,-172.35,0.00075,0.0005,38.24,-61.3
260,34,200,14,14,40,65,40,50,2.0,23,10000,8517.64,-1482.36,-14.82,-27.9,-0.06,-0.02,-1.13,24.6,327,36.09,0.91,-4.53,805.5,-225.64,0.00075,0.0005,38.24,-53.06
261,34,200,14,14,40,65,40,50,2.5,23,10000,7345.08,-2654.92,-26.55,-46.7,-0.12,-0.04,-1.4,33.41,295,35.25,0.84,-9.0,708.8,-278.92,0.00075,0.0005,38.24,-64.79
262,34,200,14,14,40,65,40,55,1.5,23,10000,7747.89,-2252.11,-22.52,-40.57,-0.11,-0.06,-1.28,31.81,430,34.88,0.86,-5.24,681.2,-175.17,0.00075,0.0005,38.24,-60.76
263,34,200,14,14,40,65,40,55,2.0,23,10000,8146.63,-1853.37,-18.53,-34.16,-0.07,-0.03,-1.16,29.44,360,35.56,0.89,-5.15,746.43,-225.64,0.00075,0.0005,38.24,-56.77
264,34,200,14,14,40,65,40,55,2.5,23,10000,7418.52,-2581.48,-25.81,-45.6,-0.11,-0.04,-1.29,35.37,319,35.11,0.85,-8.09,688.04,-278.92,0.00075,0.0005,38.24,-64.05
265,34,200,14,14,45,60,35,50,1.5,23,10000,6661.09,-3338.91,-33.39,-56.33,-0.2,-0.1,-1.36,41.45,364,32.42,0.75,-9.17,604.88,-209.93,0.00075,0.0005,38.24,-71.63
266,34,200,14,14,45,60,35,50,2.0,23,10000,7108.69,-2891.31,-28.91,-50.14,-0.15,-0.06,-1.34,37.31,313,33.55,0.8,-9.24,640.31,-201.15,0.00075,0.0005,38.24,-67.15
267,34,200,14,14,45,60,35,50,2.5,23,10000,6770.64,-3229.36,-32.29,-54.85,-0.16,-0.06,-1.32,41.44,283,33.92,0.79,-11.41,659.89,-253.17,0.00075,0.0005,38.24,-70.53
268,34,200,14,14,45,60,35,55,1.5,23,10000,6672.58,-3327.42,-33.27,-56.18,-0.19,-0.1,-1.3,43.06,401,32.92,0.77,-8.3,583.89,-206.34,0.00075,0.0005,38.24,-71.51
269,34,200,14,14,45,60,35,55,2.0,23,10000,6897.56,-3102.44,-31.02,-53.11,-0.15,-0.07,-1.28,41.54,344,33.43,0.8,-9.02,600.27,-206.22,0.00075,0.0005,38.24,-69.26
270,34,200,14,14,45,60,35,55,2.5,23,10000,6885.61,-3114.39,-31.14,-53.28,-0.14,-0.05,-1.25,42.77,306,33.99,0.81,-10.18,656.51,-261.59,0.00075,0.0005,38.24,-69.38
271,34,200,14,14,45,60,40,50,1.5,23,10000,7208.94,-2791.06,-27.91,-48.69,-0.16,-0.08,-1.36,35.76,342,32.75,0.78,-8.16,650.84,-170.74,0.00075,0.0005,38.24,-66.15
272,34,200,14,14,45,60,40,50,2.0,23,10000,7716.04,-2283.96,-22.84,-41.06,-0.11,-0.05,-1.23,33.52,294,33.67,0.83,-7.77,724.79,-198.52,0.00075,0.0005,38.24,-61.08
273,34,200,14,14,45,60,40,50,2.5,23,10000,7186.97,-2813.03,-28.13,-49.01,-0.13,-0.05,-1.29,38.01,269,34.2,0.81,-10.46,689.0,-223.84,0.00075,0.0005,38.24,-66.37
274,34,200,14,14,45,60,40,55,1.5,23,10000,7241.34,-2758.66,-27.59,-48.22,-0.15,-0.08,-1.29,37.35,381,33.33,0.8,-7.24,630.0,-173.6,0.00075,0.0005,38.24,-65.83
275,34,200,14,14,45,60,40,55,2.0,23,10000,7409.6,-2590.4,-25.9,-45.74,-0.12,-0.05,-1.22,37.64,329,33.74,0.82,-7.87,673.22,-206.22,0.00075,0.0005,38.24,-64.14
276,34,200,14,14,45,60,40,55,2.5,23,10000,7167.65,-2832.35,-28.32,-49.29,-0.13,-0.05,-1.23,39.92,293,33.79,0.82,-9.67,669.12,-261.59,0.00075,0.0005,38.24,-66.56
277,34,200,14,14,45,65,35,50,1.5,23,10000,6944.01,-3055.99,-30.56,-52.46,-0.17,-0.09,-1.37,38.39,393,33.08,0.8,-7.78,637.59,-207.96,0.00075,0.0005,38.24,-68.8
278,34,200,14,14,45,65,35,50,2.0,23,10000,7394.93,-2605.07,-26.05,-45.96,-0.12,-0.05,-1.35,33.99,332,34.64,0.83,-7.85,670.18,-202.72,0.00075,0.0005,38.24,-64.29
279,34,200,14,14,45,65,35,50,2.5,23,10000,6802.48,-3197.52,-31.98,-54.42,-0.15,-0.05,-1.35,40.28,298,34.56,0.8,-10.73,666.83,-250.72,0.00075,0.0005,38.24,-70.22
280,34,200,14,14,45,65,35,55,1.5,23,10000,6973.41,-3026.59,-30.27,-52.05,-0.16,-0.09,-1.3,39.93,428,33.64,0.81,-7.07,615.47,-204.41,0.00075,0.0005,38.24,-68.51
281,34,200,14,14,45,65,35,55,2.0,23,10000,7163.58,-2836.42,-28.36,-49.35,-0.13,-0.06,-1.28,38.55,361,34.35,0.83,-7.86,628.28,-204.69,0.00075,0.0005,38.24,-66.6
282,34,200,14,14,45,65,35,55,2.5,23,10000,7009.17,-2990.83,-29.91,-51.55,-0.13,-0.05,-1.26,40.87,321,34.89,0.83,-9.32,663.41,-257.74,0.00075,0.0005,38.24,-68.15
283,34,200,14,14,45,65,40,50,1.5,23,10000,7515.13,-2484.87,-24.85,-44.15,-0.13,-0.07,-1.36,32.4,371,33.42,0.83,-6.7,686.03,-171.64,0.00075,0.0005,38.24,-63.09
284,34,200,14,14,45,65,40,50,2.0,23,10000,8026.74,-1973.26,-19.73,-36.12,-0.09,-0.04,-1.27,28.42,313,34.82,0.87,-6.3,758.6,-196.13,0.00075,0.0005,38.24,-57.97
285,34,200,14,14,45,65,40,50,2.5,23,10000,7220.76,-2779.24,-27.79,-48.52,-0.13,-0.05,-1.35,36.07,284,34.86,0.82,-9.79,696.25,-225.41,0.00075,0.0005,38.24,-66.03
286,34,200,14,14,45,65,40,55,1.5,23,10000,7567.82,-2432.18,-24.32,-43.35,-0.12,-0.07,-1.28,33.91,408,34.07,0.84,-5.96,664.06,-174.52,0.00075,0.0005,38.24,-62.56
287,34,200,14,14,45,65,40,55,2.0,23,10000,7695.37,-2304.63,-23.05,-41.38,-0.1,-0.05,-1.24,33.25,346,34.68,0.86,-6.66,704.63,-203.73,0.00075,0.0005,38.24,-61.29
288,34,200,14,14,45,65,40,55,2.5,23,10000,7296.28,-2703.72,-27.04,-47.42,-0.12,-0.04,-1.25,37.92,308,34.74,0.84,-8.78,676.16,-257.74,0.00075,0.0005,38.24,-65.28
289,50,100,14,14,40,60,35,50,1.5,23,10000,9612.56,-387.44,-3.87,-7.74,-0.01,-0.0,-0.36,21.8,284,39.44,0.97,-1.36,784.67,-217.45,0.00075,0.0005,38.24,-42.11
290,50,100,14,14,40,60,35,50,2.0,23,10000,9021.74,-978.26,-9.78,-18.94,-0.04,-0.02,-0.7,27.24,245,38.78,0.92,-3.99,731.82,-227.9,0.00075,0.0005,38.24,-48.02
291,50,100,14,14,40,60,35,50,2.5,23,10000,8992.72,-1007.28,-10.07,-19.47,-0.04,-0.01,-0.66,29.36,216,39.35,0.92,-4.66,773.68,-287.83,0.00075,0.0005,38.24,-48.31
292,50,100,14,14,40,60,35,55,1.5,23,10000,9473.25,-526.75,-5.27,-10.45,-0.02,-0.01,-0.42,24.96,312,38.78,0.96,-1.69,746.1,-213.15,0.00075,0.0005,38.24,-43.51
293,50,100,14,14,40,60,35,55,2.0,23,10000,8295.42,-1704.58,-17.05,-31.69,-0.08,-0.03,-0.92,34.34,270,37.78,0.86,-6.31,654.5,-200.86,0.00075,0.0005,38.24,-55.29
294,50,100,14,14,40,60,35,55,2.5,23,10000,8627.78,-1372.22,-13.72,-25.99,-0.06,-0.02,-0.78,33.4,240,38.75,0.89,-5.72,724.9,-245.41,0.00075,0.0005,38.24,-51.96
295,50,100,14,14,40,60,40,50,1.5,23,10000,11106.32,1106.32,11.06,23.86,0.07,0.04,1.4,17.05,256,41.8,1.11,4.32,870.82,-164.04,0.00075,0.0005,38.24,-27.18
296,50,100,14,14,40,60,40,50,2.0,23,10000,10569.47,569.47,5.69,11.96,0.04,0.02,0.54,22.22,221,40.72,1.05,2.58,859.38,-213.55,0.00075,0.0005,38.24,-32.55
297,50,100,14,14,40,60,40,50,2.5,23,10000,10428.58,428.58,4.29,8.93,0.04,0.01,0.35,25.55,193,41.45,1.04,2.22,827.95,-267.29,0.00075,0.0005,38.24,-33.95
298,50,100,14,14,40,60,40,55,1.5,23,10000,10629.79,629.79,6.3,13.26,0.05,0.02,0.66,20.19,287,40.42,1.06,2.19,804.19,-155.57,0.00075,0.0005,38.24,-31.94
299,50,100,14,14,40,60,40,55,2.0,23,10000,9419.19,-580.81,-5.81,-11.49,-0.02,-0.01,-0.37,31.19,249,39.36,0.95,-2.33,744.97,-200.86,0.00075,0.0005,38.24,-44.05
300,50,100,14,14,40,60,40,55,2.5,23,10000,9286.29,-713.71,-7.14,-14.01,-0.02,-0.01,-0.41,33.89,221,39.82,0.94,-3.23,730.67,-241.41,0.00075,0.0005,38.24,-45.38
301,50,100,14,14,40,65,35,50,1.5,23,10000,10232.54,232.54,2.33,4.8,0.03,0.01,0.23,20.83,310,38.39,1.02,0.75,836.52,-215.76,0.00075,0.0005,38.24,-35.91
302,50,100,14,14,40,65,35,50,2.0,23,10000,8842.32,-1157.68,-11.58,-22.19,-0.05,-0.02,-0.84,26.29,267,37.83,0.91,-4.34,718.4,-222.43,0.00075,0.0005,38.24,-49.82
303,50,100,14,14,40,65,35,50,2.5,23,10000,9033.49,-966.51,-9.67,-18.72,-0.03,-0.01,-0.64,29.38,238,38.66,0.93,-4.06,751.99,-278.28,0.00075,0.0005,38.24,-47.91
304,50,100,14,14,40,65,35,55,1.5,23,10000,9983.84,-16.16,-0.16,-0.33,0.01,0.01,-0.02,21.05,338,37.87,1.0,-0.05,786.5,-211.49,0.00075,0.0005,38.24,-38.4
305,50,100,14,14,40,65,35,55,2.0,23,10000,8429.54,-1570.46,-15.7,-29.42,-0.07,-0.03,-0.94,31.13,291,37.11,0.88,-5.4,665.31,-198.75,0.00075,0.0005,38.24,-53.94
306,50,100,14,14,40,65,35,55,2.5,23,10000,8706.99,-1293.01,-12.93,-24.6,-0.05,-0.02,-0.8,30.84,261,37.93,0.91,-4.95,731.85,-253.2,0.00075,0.0005,38.24,-51.17
307,50,100,14,14,40,65,40,50,1.5,23,10000,11822.65,1822.65,18.23,40.69,0.1,0.06,2.17,18.79,282,40.43,1.15,6.46,928.37,-176.79,0.00075,0.0005,38.24,-20.01
308,50,100,14,14,40,65,40,50,2.0,23,10000,10359.27,359.27,3.59,7.46,0.03,0.01,0.32,23.21,243,39.51,1.03,1.48,843.63,-215.88,0.00075,0.0005,38.24,-34.65
309,50,100,14,14,40,65,40,50,2.5,23,10000,10475.87,475.87,4.76,9.94,0.04,0.01,0.39,25.58,215,40.47,1.04,2.21,804.74,-264.65,0.00075,0.0005,38.24,-33.48
310,50,100,14,14,40,65,40,55,1.5,23,10000,11202.71,1202.71,12.03,26.06,0.07,0.04,1.31,19.82,313,39.3,1.09,3.84,847.74,-166.31,0.00075,0.0005,38.24,-26.21
311,50,100,14,14,40,65,40,55,2.0,23,10000,9571.49,-428.51,-4.29,-8.54,-0.01,-0.0,-0.31,27.82,270,38.52,0.97,-1.59,757.26,-198.75,0.00075,0.0005,38.24,-42.53
312,50,100,14,14,40,65,40,55,2.5,23,10000,9371.55,-628.45,-6.28,-12.4,-0.02,-0.01,-0.4,31.35,242,38.84,0.95,-2.6,737.67,-249.07,0.00075,0.0005,38.24,-44.52
313,50,100,14,14,45,60,35,50,1.5,23,10000,9270.08,-729.92,-7.3,-14.32,-0.03,-0.01,-0.62,23.27,266,39.1,0.93,-2.74,767.94,-217.45,0.00075,0.0005,38.24,-45.54
314,50,100,14,14,45,60,35,50,2.0,23,10000,8940.01,-1059.99,-10.6,-20.43,-0.05,-0.02,-0.73,27.88,232,38.79,0.91,-4.57,730.92,-230.05,0.00075,0.0005,38.24,-48.84
315,50,100,14,14,45,60,35,50,2.5,23,10000,9053.54,-946.46,-9.46,-18.35,-0.04,-0.01,-0.62,29.66,203,39.41,0.92,-4.66,786.18,-292.06,0.00075,0.0005,38.24,-47.7
316,50,100,14,14,45,60,35,55,1.5,23,10000,9135.74,-864.26,-8.64,-16.83,-0.04,-0.02,-0.64,26.37,294,38.44,0.92,-2.94,730.2,-213.15,0.00075,0.0005,38.24,-46.88
317,50,100,14,14,45,60,35,55,2.0,23,10000,8220.27,-1779.73,-17.8,-32.94,-0.09,-0.04,-0.94,34.92,257,37.74,0.85,-6.93,653.7,-200.86,0.00075,0.0005,38.24,-56.04
318,50,100,14,14,45,60,35,55,2.5,23,10000,8686.14,-1313.86,-13.14,-24.97,-0.06,-0.02,-0.76,32.94,227,38.77,0.89,-5.79,736.61,-241.31,0.00075,0.0005,38.24,-51.38
319,50,100,14,14,45,60,40,50,1.5,23,10000,10710.62,710.62,7.11,15.03,0.05,0.02,0.88,17.0,238,41.6,1.08,2.99,852.26,-159.68,0.00075,0.0005,38.24,-31.13
320,50,100,14,14,45,60,40,50,2.0,23,10000,10473.72,473.72,4.74,9.9,0.04,0.01,0.42,23.56,208,40.87,1.05,2.28,858.33,-208.8,0.00075,0.0005,38.24,-33.5
321,50,100,14,14,45,60,40,50,2.5,23,10000,10499.12,499.12,4.99,10.44,0.04,0.01,0.41,25.65,180,41.67,1.05,2.77,841.32,-262.83,0.00075,0.0005,38.24,-33.25
322,50,100,14,14,45,60,40,55,1.5,23,10000,10251.07,251.07,2.51,5.19,0.03,0.01,0.24,21.69,269,40.15,1.02,0.93,787.05,-153.85,0.00075,0.0005,38.24,-35.73
323,50,100,14,14,45,60,40,55,2.0,23,10000,9333.87,-666.13,-6.66,-13.11,-0.02,-0.01,-0.41,31.79,236,39.41,0.94,-2.82,744.05,-200.86,0.00075,0.0005,38.24,-44.9
324,50,100,14,14,45,60,40,55,2.5,23,10000,9349.1,-650.9,-6.51,-12.82,-0.02,-0.01,-0.38,33.44,208,39.9,0.94,-3.13,742.47,-237.37,0.00075,0.0005,38.24,-44.75
325,50,100,14,14,45,65,35,50,1.5,23,10000,10050.05,50.05,0.5,1.02,0.02,0.01,0.06,17.51,294,38.44,1.0,0.17,833.8,-215.76,0.00075,0.0005,38.24,-37.74
326,50,100,14,14,45,65,35,50,2.0,23,10000,8762.22,-1237.78,-12.38,-23.62,-0.05,-0.02,-0.88,26.94,254,37.8,0.9,-4.87,717.52,-224.53,0.00075,0.0005,38.24,-50.62
327,50,100,14,14,45,65,35,50,2.5,23,10000,9094.59,-905.41,-9.05,-17.59,-0.03,-0.01,-0.61,28.9,225,38.67,0.93,-4.02,764.13,-282.37,0.00075,0.0005,38.24,-47.29
328,50,100,14,14,45,65,35,55,1.5,23,10000,9805.78,-194.22,-1.94,-3.92,0.0,0.0,-0.19,20.61,322,37.89,0.99,-0.6,783.94,-211.49,0.00075,0.0005,38.24,-40.18
329,50,100,14,14,45,65,35,55,2.0,23,10000,8353.17,-1646.83,-16.47,-30.71,-0.08,-0.03,-0.97,31.73,278,37.05,0.87,-5.92,664.49,-198.75,0.00075,0.0005,38.24,-54.71
330,50,100,14,14,45,65,35,55,2.5,23,10000,8765.89,-1234.11,-12.34,-23.55,-0.05,-0.02,-0.78,30.37,248,37.9,0.91,-4.98,743.67,-248.96,0.00075,0.0005,38.24,-50.58
331,50,100,14,14,45,65,40,50,1.5,23,10000,11606.37,1606.37,16.06,35.49,0.1,0.05,2.3,15.42,265,40.38,1.14,6.06,924.92,-175.18,0.00075,0.0005,38.24,-22.18
332,50,100,14,14,45,65,40,50,2.0,23,10000,10265.42,265.42,2.65,5.49,0.03,0.01,0.26,21.51,230,39.57,1.02,1.15,842.59,-211.08,0.00075,0.0005,38.24,-35.59
333,50,100,14,14,45,65,40,50,2.5,23,10000,10546.72,546.72,5.47,11.47,0.04,0.01,0.46,25.08,202,40.59,1.05,2.71,817.74,-260.23,0.00075,0.0005,38.24,-32.77
334,50,100,14,14,45,65,40,55,1.5,23,10000,10997.77,997.77,9.98,21.4,0.06,0.03,1.25,17.07,296,39.19,1.08,3.37,844.58,-164.8,0.00075,0.0005,38.24,-28.26
335,50,100,14,14,45,65,40,55,2.0,23,10000,9484.78,-515.22,-5.15,-10.22,-0.01,-0.01,-0.36,28.45,257,38.52,0.96,-2.0,756.34,-198.75,0.00075,0.0005,38.24,-43.39
336,50,100,14,14,45,65,40,55,2.5,23,10000,9434.94,-565.06,-5.65,-11.18,-0.01,-0.0,-0.36,30.89,229,38.86,0.95,-2.47,749.58,-244.9,0.00075,0.0005,38.24,-43.89
337,50,150,14,14,40,60,35,50,1.5,23,10000,8092.73,-1907.27,-19.07,-35.05,-0.11,-0.05,-1.13,30.96,282,37.94,0.82,-6.76,692.74,-217.45,0.00075,0.0005,38.24,-57.31
338,50,150,14,14,40,60,35,50,2.0,23,10000,8085.89,-1914.11,-19.14,-35.16,-0.1,-0.04,-1.04,33.67,239,37.66,0.83,-8.01,667.09,-219.01,0.00075,0.0005,38.24,-57.38
339,50,150,14,14,40,60,35,50,2.5,23,10000,7948.02,-2051.98,-20.52,-37.39,-0.1,-0.03,-1.12,33.28,211,37.44,0.83,-9.73,730.76,-283.4,0.00075,0.0005,38.24,-58.76
340,50,150,14,14,40,60,35,55,1.5,23,10000,8151.96,-1848.04,-18.48,-34.07,-0.1,-0.05,-1.05,32.36,307,37.79,0.84,-6.02,672.57,-213.15,0.00075,0.0005,38.24,-56.72
341,50,150,14,14,40,60,35,55,2.0,23,10000,7626.32,-2373.68,-23.74,-42.45,-0.13,-0.05,-1.1,38.67,261,37.16,0.8,-9.09,611.37,-200.86,0.00075,0.0005,38.24,-61.98
342,50,150,14,14,40,60,35,55,2.5,23,10000,7831.05,-2168.95,-21.69,-39.26,-0.11,-0.04,-1.11,35.46,232,37.5,0.83,-9.35,702.46,-243.36,0.00075,0.0005,38.24,-59.93
343,50,150,14,14,40,60,40,50,1.5,23,10000,9541.05,-458.95,-4.59,-9.14,-0.02,-0.01,-0.38,23.77,256,40.23,0.95,-1.79,777.21,-153.85,0.00075,0.0005,38.24,-42.83
344,50,150,14,14,40,60,40,50,2.0,23,10000,9685.53,-314.47,-3.14,-6.31,-0.0,-0.0,-0.23,27.74,218,39.91,0.97,-1.44,791.36,-200.86,0.00075,0.0005,38.24,-41.38
345,50,150,14,14,40,60,40,50,2.5,23,10000,9438.17,-561.83,-5.62,-11.12,-0.02,-0.01,-0.38,29.24,191,39.79,0.95,-2.94,789.06,-256.32,0.00075,0.0005,38.24,-43.86
346,50,150,14,14,40,60,40,55,1.5,23,10000,9333.78,-666.22,-6.66,-13.12,-0.03,-0.01,-0.48,27.46,284,39.44,0.94,-2.35,732.86,-153.85,0.00075,0.0005,38.24,-44.9
347,50,150,14,14,40,60,40,55,2.0,23,10000,8853.67,-1146.33,-11.46,-21.98,-0.05,-0.02,-0.62,35.24,243,39.09,0.89,-4.72,702.98,-200.86,0.00075,0.0005,38.24,-49.7
348,50,150,14,14,40,60,40,55,2.5,23,10000,8630.93,-1369.07,-13.69,-25.93,-0.06,-0.02,-0.73,35.53,216,38.89,0.88,-6.34,714.42,-237.51,0.00075,0.0005,38.24,-51.93
349,50,150,14,14,40,65,35,50,1.5,23,10000,8703.97,-1296.03,-12.96,-24.65,-0.06,-0.03,-0.93,26.4,311,37.62,0.9,-4.17,746.17,-215.76,0.00075,0.0005,38.24,-51.2
350,50,150,14,14,40,65,35,50,2.0,23,10000,7911.18,-2088.82,-20.89,-37.98,-0.11,-0.04,-1.15,32.93,264,37.12,0.83,-7.91,653.71,-213.75,0.00075,0.0005,38.24,-59.13
351,50,150,14,14,40,65,35,50,2.5,23,10000,7880.2,-2119.8,-21.2,-38.48,-0.1,-0.04,-1.13,34.17,235,37.02,0.84,-9.02,701.03,-274.0,0.00075,0.0005,38.24,-59.44
352,50,150,14,14,40,65,35,55,1.5,23,10000,8616.93,-1383.07,-13.83,-26.18,-0.06,-0.03,-0.93,28.17,335,37.31,0.89,-4.13,711.1,-211.49,0.00075,0.0005,38.24,-52.07
353,50,150,14,14,40,65,35,55,2.0,23,10000,7744.73,-2255.27,-22.55,-40.62,-0.11,-0.05,-1.14,35.71,285,36.84,0.83,-7.91,621.07,-198.75,0.00075,0.0005,38.24,-60.79
354,50,150,14,14,40,65,35,55,2.5,23,10000,7784.76,-2215.24,-22.15,-39.99,-0.1,-0.04,-1.18,33.99,255,36.86,0.84,-8.69,698.59,-253.98,0.00075,0.0005,38.24,-60.39
355,50,150,14,14,40,65,40,50,1.5,23,10000,10261.68,261.68,2.62,5.41,0.03,0.01,0.23,23.46,285,39.65,1.02,0.92,837.16,-163.5,0.00075,0.0005,38.24,-35.62
356,50,150,14,14,40,65,40,50,2.0,23,10000,9476.25,-523.75,-5.24,-10.39,-0.01,-0.01,-0.38,27.63,243,39.09,0.96,-2.16,775.49,-202.48,0.00075,0.0005,38.24,-43.48
357,50,150,14,14,40,65,40,50,2.5,23,10000,9357.64,-642.36,-6.42,-12.66,-0.02,-0.01,-0.42,30.18,215,39.07,0.95,-2.99,756.96,-257.22,0.00075,0.0005,38.24,-44.66
358,50,150,14,14,40,65,40,55,1.5,23,10000,9866.15,-133.85,-1.34,-2.71,0.01,0.0,-0.11,23.82,312,38.78,0.99,-0.43,774.85,-155.91,0.00075,0.0005,38.24,-39.58
359,50,150,14,14,40,65,40,55,2.0,23,10000,8991.13,-1008.87,-10.09,-19.5,-0.04,-0.02,-0.61,32.11,267,38.58,0.92,-3.78,714.13,-198.75,0.00075,0.0005,38.24,-48.33
360,50,150,14,14,40,65,40,55,2.5,23,10000,8579.92,-1420.08,-14.2,-26.82,-0.06,-0.02,-0.79,34.06,239,38.08,0.89,-5.94,710.48,-247.87,0.00075,0.0005,38.24,-52.44
361,50,150,14,14,45,60,35,50,1.5,23,10000,7931.86,-2068.14,-20.68,-37.65,-0.13,-0.06,-1.19,31.7,264,37.88,0.79,-7.83,683.61,-217.45,0.00075,0.0005,38.24,-58.92
362,50,150,14,14,45,60,35,50,2.0,23,10000,8135.15,-1864.85,-18.65,-34.35,-0.1,-0.04,-1.02,33.78,228,38.16,0.83,-8.18,671.11,-222.68,0.00075,0.0005,38.24,-56.89
363,50,150,14,14,45,60,35,50,2.5,23,10000,8065.47,-1934.53,-19.35,-35.49,-0.1,-0.03,-1.08,32.82,199,37.69,0.83,-9.72,742.56,-287.56,0.00075,0.0005,38.24,-57.59
364,50,150,14,14,45,60,35,55,1.5,23,10000,7989.91,-2010.09,-20.1,-36.72,-0.12,-0.06,-1.11,33.08,289,37.72,0.81,-6.96,663.7,-213.15,0.00075,0.0005,38.24,-58.34
365,50,150,14,14,45,60,35,55,2.0,23,10000,7672.77,-2327.23,-23.27,-41.74,-0.13,-0.05,-1.08,38.77,250,37.6,0.79,-9.31,615.06,-200.86,0.00075,0.0005,38.24,-61.51
366,50,150,14,14,45,60,35,55,2.5,23,10000,7946.77,-2053.23,-20.53,-37.41,-0.1,-0.03,-1.07,35.02,220,37.73,0.83,-9.33,713.8,-239.29,0.00075,0.0005,38.24,-58.77
367,50,150,14,14,45,60,40,50,1.5,23,10000,9351.38,-648.62,-6.49,-12.78,-0.03,-0.01,-0.52,24.58,238,40.34,0.93,-2.73,766.96,-153.85,0.00075,0.0005,38.24,-44.73
368,50,150,14,14,45,60,40,50,2.0,23,10000,9744.53,-255.47,-2.55,-5.14,-0.0,-0.0,-0.18,27.85,207,40.58,0.97,-1.23,796.14,-200.86,0.00075,0.0005,38.24,-40.79
369,50,150,14,14,45,60,40,50,2.5,23,10000,9577.65,-422.35,-4.22,-8.42,-0.01,-0.0,-0.29,28.76,179,40.22,0.96,-2.36,801.81,-252.03,0.00075,0.0005,38.24,-42.46
370,50,150,14,14,45,60,40,55,1.5,23,10000,9148.24,-851.76,-8.52,-16.6,-0.04,-0.02,-0.59,28.23,266,39.47,0.91,-3.2,723.2,-153.85,0.00075,0.0005,38.24,-46.76
371,50,150,14,14,45,60,40,55,2.0,23,10000,8907.6,-1092.4,-10.92,-21.01,-0.05,-0.02,-0.59,35.34,232,39.66,0.89,-4.71,707.22,-200.86,0.00075,0.0005,38.24,-49.16
372,50,150,14,14,45,60,40,55,2.5,23,10000,8758.48,-1241.52,-12.42,-23.69,-0.05,-0.02,-0.67,35.09,204,39.22,0.88,-6.09,725.96,-233.54,0.00075,0.0005,38.24,-50.66
373,50,150,14,14,45,65,35,50,1.5,23,10000,8684.02,-1315.98,-13.16,-25.0,-0.06,-0.03,-1.01,24.79,294,37.76,0.89,-4.48,749.55,-215.76,0.00075,0.0005,38.24,-51.4
374,50,150,14,14,45,65,35,50,2.0,23,10000,7959.37,-2040.63,-20.41,-37.21,-0.1,-0.04,-1.13,33.03,253,37.55,0.83,-8.07,657.65,-217.34,0.00075,0.0005,38.24,-58.65
375,50,150,14,14,45,65,35,50,2.5,23,10000,7996.66,-2003.34,-20.03,-36.61,-0.09,-0.03,-1.09,33.72,223,37.22,0.84,-8.98,712.35,-278.03,0.00075,0.0005,38.24,-58.27
376,50,150,14,14,45,65,35,55,1.5,23,10000,8597.17,-1402.83,-14.03,-26.52,-0.07,-0.04,-0.96,27.66,318,37.42,0.89,-4.41,714.32,-211.49,0.00075,0.0005,38.24,-52.27
377,50,150,14,14,45,65,35,55,2.0,23,10000,7791.91,-2208.09,-22.08,-39.88,-0.11,-0.05,-1.11,35.81,274,37.23,0.82,-8.06,624.82,-198.75,0.00075,0.0005,38.24,-60.32
378,50,150,14,14,45,65,35,55,2.5,23,10000,7899.8,-2100.2,-21.0,-38.17,-0.1,-0.04,-1.14,33.54,243,37.04,0.84,-8.64,709.87,-249.73,0.00075,0.0005,38.24,-59.24
379,50,150,14,14,45,65,40,50,1.5,23,10000,10238.16,238.16,2.38,4.92,0.03,0.01,0.25,19.64,268,39.93,1.02,0.89,840.94,-162.05,0.00075,0.0005,38.24,-35.86
380,50,150,14,14,45,65,40,50,2.0,23,10000,9533.97,-466.03,-4.66,-9.27,-0.01,-0.0,-0.34,27.04,232,39.66,0.96,-2.01,780.17,-199.42,0.00075,0.0005,38.24,-42.9
381,50,150,14,14,45,65,40,50,2.5,23,10000,9495.93,-504.07,-5.04,-10.01,-0.01,-0.0,-0.34,29.71,203,39.41,0.96,-2.48,769.19,-252.92,0.00075,0.0005,38.24,-43.28
382,50,150,14,14,45,65,40,55,1.5,23,10000,9843.53,-156.47,-1.56,-3.16,0.0,0.0,-0.14,22.43,295,38.98,0.99,-0.53,778.35,-154.52,0.00075,0.0005,38.24,-39.8
383,50,150,14,14,45,65,40,55,2.0,23,10000,9045.9,-954.1,-9.54,-18.49,-0.04,-0.02,-0.57,32.21,256,39.06,0.92,-3.73,718.44,-198.75,0.00075,0.0005,38.24,-47.78
384,50,150,14,14,45,65,40,55,2.5,23,10000,8706.71,-1293.29,-12.93,-24.6,-0.05,-0.02,-0.73,33.61,227,38.33,0.89,-5.7,721.96,-243.73,0.00075,0.0005,38.24,-51.17
385,50,200,14,14,40,60,35,50,1.5,23,10000,7507.85,-2492.15,-24.92,-44.26,-0.16,-0.07,-1.33,33.38,278,36.33,0.76,-8.96,641.63,-215.15,0.00075,0.0005,38.24,-63.16
386,50,200,14,14,40,60,35,50,2.0,23,10000,7498.97,-2501.03,-25.01,-44.39,-0.15,-0.05,-1.21,36.83,238,36.55,0.77,-10.51,629.34,-206.92,0.00075,0.0005,38.24,-63.25
387,50,200,14,14,40,60,35,50,2.5,23,10000,6993.03,-3006.97,-30.07,-51.78,-0.17,-0.05,-1.31,39.58,213,35.68,0.74,-14.12,655.8,-257.61,0.00075,0.0005,38.24,-68.31
388,50,200,14,14,40,60,35,55,1.5,23,10000,7417.33,-2582.67,-25.83,-45.62,-0.16,-0.08,-1.25,36.56,303,35.97,0.77,-8.52,610.97,-210.79,0.00075,0.0005,38.24,-64.07
389,50,200,14,14,40,60,35,55,2.0,23,10000,7278.44,-2721.56,-27.22,-47.68,-0.16,-0.06,-1.2,39.89,259,35.91,0.76,-10.51,593.55,-200.86,0.00075,0.0005,38.24,-65.46
390,50,200,14,14,40,60,35,55,2.5,23,10000,7160.92,-2839.08,-28.39,-49.39,-0.15,-0.05,-1.26,39.25,232,35.78,0.77,-12.24,655.18,-235.44,0.00075,0.0005,38.24,-66.63
391,50,200,14,14,40,60,40,50,1.5,23,10000,8725.43,-1274.57,-12.75,-24.27,-0.07,-0.03,-0.91,26.65,256,38.28,0.87,-4.98,709.61,-153.85,0.00075,0.0005,38.24,-50.99
392,50,200,14,14,40,60,40,50,2.0,23,10000,8790.74,-1209.26,-12.09,-23.11,-0.06,-0.02,-0.7,32.8,221,38.46,0.88,-5.47,730.64,-200.86,0.00075,0.0005,38.24,-50.33
393,50,200,14,14,40,60,40,50,2.5,23,10000,8381.2,-1618.8,-16.19,-30.24,-0.08,-0.03,-0.86,35.34,197,38.07,0.84,-8.22,714.7,-240.35,0.00075,0.0005,38.24,-54.43
394,50,200,14,14,40,60,40,55,1.5,23,10000,8371.69,-1628.31,-16.28,-30.4,-0.09,-0.04,-0.95,31.86,284,37.32,0.84,-5.73,656.25,-153.85,0.00075,0.0005,38.24,-54.52
395,50,200,14,14,40,60,40,55,2.0,23,10000,8269.42,-1730.58,-17.31,-32.12,-0.09,-0.03,-0.84,38.02,245,37.55,0.84,-7.06,667.92,-200.86,0.00075,0.0005,38.24,-55.55
396,50,200,14,14,40,60,40,55,2.5,23,10000,7965.6,-2034.4,-20.34,-37.11,-0.1,-0.03,-0.96,38.78,220,37.27,0.82,-9.25,672.52,-231.84,0.00075,0.0005,38.24,-58.58
397,50,200,14,14,40,65,35,50,1.5,23,10000,7711.84,-2288.16,-22.88,-41.13,-0.13,-0.06,-1.33,30.93,307,35.83,0.81,-7.45,660.05,-213.48,0.00075,0.0005,38.24,-61.12
398,50,200,14,14,40,65,35,50,2.0,23,10000,7540.82,-2459.18,-24.59,-43.76,-0.13,-0.05,-1.27,34.35,261,36.4,0.79,-9.42,633.85,-202.1,0.00075,0.0005,38.24,-62.83
399,50,200,14,14,40,65,35,50,2.5,23,10000,7140.0,-2860.0,-28.6,-49.69,-0.15,-0.05,-1.29,38.61,235,35.74,0.77,-12.17,647.87,-249.24,0.00075,0.0005,38.24,-66.84
400,50,200,14,14,40,65,35,55,1.5,23,10000,7628.39,-2371.61,-23.72,-42.42,-0.13,-0.07,-1.24,34.23,331,35.65,0.81,-7.16,628.5,-209.15,0.00075,0.0005,38.24,-61.96
401,50,200,14,14,40,65,35,55,2.0,23,10000,7328.22,-2671.78,-26.72,-46.95,-0.14,-0.06,-1.25,37.53,281,35.94,0.79,-9.51,597.81,-198.75,0.00075,0.0005,38.24,-64.96
402,50,200,14,14,40,65,35,55,2.5,23,10000,7071.54,-2928.46,-29.28,-50.67,-0.15,-0.05,-1.31,38.71,253,35.57,0.78,-11.57,647.26,-236.11,0.00075,0.0005,38.24,-67.52
403,50,200,14,14,40,65,40,50,1.5,23,10000,8962.5,-1037.5,-10.38,-20.02,-0.05,-0.03,-0.83,24.22,285,37.54,0.91,-3.64,729.98,-152.65,0.00075,0.0005,38.24,-48.62
404,50,200,14,14,40,65,40,50,2.0,23,10000,8839.79,-1160.21,-11.6,-22.23,-0.05,-0.02,-0.74,30.16,244,38.11,0.9,-4.75,735.88,-198.75,0.00075,0.0005,38.24,-49.84
405,50,200,14,14,40,65,40,50,2.5,23,10000,8557.35,-1442.65,-14.43,-27.22,-0.06,-0.02,-0.79,34.31,219,37.9,0.88,-6.59,706.06,-241.03,0.00075,0.0005,38.24,-52.67
406,50,200,14,14,40,65,40,55,1.5,23,10000,8609.91,-1390.09,-13.9,-26.3,-0.07,-0.04,-0.89,29.43,312,36.86,0.88,-4.46,675.09,-152.65,0.00075,0.0005,38.24,-52.14
407,50,200,14,14,40,65,40,55,2.0,23,10000,8325.97,-1674.03,-16.74,-31.17,-0.08,-0.03,-0.88,35.58,267,37.45,0.86,-6.27,672.71,-198.75,0.00075,0.0005,38.24,-54.98
408,50,200,14,14,40,65,40,55,2.5,23,10000,7866.18,-2133.82,-21.34,-38.7,-0.1,-0.04,-1.02,37.8,241,36.93,0.83,-8.85,664.39,-232.5,0.00075,0.0005,38.24,-59.58
409,50,200,14,14,45,60,35,50,1.5,23,10000,7205.84,-2794.16,-27.94,-48.74,-0.19,-0.08,-1.36,35.82,259,35.14,0.71,-10.79,619.9,-215.15,0.00075,0.0005,38.24,-66.18
410,50,200,14,14,45,60,35,50,2.0,23,10000,7455.42,-2544.58,-25.45,-45.05,-0.15,-0.05,-1.2,37.57,223,35.87,0.75,-11.41,626.79,-208.88,0.00075,0.0005,38.24,-63.69
411,50,200,14,14,45,60,35,50,2.5,23,10000,7153.03,-2846.97,-28.47,-49.5,-0.16,-0.05,-1.28,38.63,200,36.0,0.74,-14.23,672.29,-261.39,0.00075,0.0005,38.24,-66.71
412,50,200,14,14,45,60,35,55,1.5,23,10000,7118.96,-2881.04,-28.81,-49.99,-0.19,-0.09,-1.28,38.95,284,34.86,0.72,-10.14,590.27,-210.79,0.00075,0.0005,38.24,-67.05
413,50,200,14,14,45,60,35,55,2.0,23,10000,7253.38,-2746.62,-27.47,-48.05,-0.16,-0.06,-1.19,40.45,244,35.66,0.74,-11.26,592.55,-200.86,0.00075,0.0005,38.24,-65.71
414,50,200,14,14,45,60,35,55,2.5,23,10000,7328.09,-2671.91,-26.72,-46.95,-0.14,-0.05,-1.23,38.27,219,36.07,0.77,-12.2,671.96,-233.76,0.00075,0.0005,38.24,-64.96
415,50,200,14,14,45,60,40,50,1.5,23,10000,8374.44,-1625.56,-16.26,-30.35,-0.1,-0.04,-1.05,28.96,237,37.13,0.82,-6.86,685.58,-153.85,0.00075,0.0005,38.24,-54.5
416,50,200,14,14,45,60,40,50,2.0,23,10000,8739.69,-1260.31,-12.6,-24.02,-0.07,-0.02,-0.72,33.58,206,37.86,0.86,-6.12,727.68,-200.86,0.00075,0.0005,38.24,-50.84
417,50,200,14,14,45,60,40,50,2.5,23,10000,8572.97,-1427.03,-14.27,-26.95,-0.07,-0.02,-0.78,34.33,184,38.59,0.85,-7.76,732.67,-238.53,0.00075,0.0005,38.24,-52.51
418,50,200,14,14,45,60,40,55,1.5,23,10000,8034.93,-1965.07,-19.65,-35.99,-0.12,-0.06,-1.05,34.17,265,36.23,0.8,-7.42,634.03,-153.85,0.00075,0.0005,38.24,-57.89
419,50,200,14,14,45,60,40,55,2.0,23,10000,8240.94,-1759.06,-17.59,-32.6,-0.09,-0.04,-0.84,38.59,230,37.39,0.82,-7.65,666.79,-200.86,0.00075,0.0005,38.24,-55.83
420,50,200,14,14,45,60,40,55,2.5,23,10000,8151.56,-1848.44,-18.48,-34.08,-0.09,-0.03,-0.9,37.79,207,37.68,0.83,-8.93,689.75,-230.19,0.00075,0.0005,38.24,-56.72
421,50,200,14,14,45,65,35,50,1.5,23,10000,7646.75,-2353.25,-23.53,-42.14,-0.14,-0.07,-1.34,31.36,290,35.52,0.79,-8.11,658.81,-213.48,0.00075,0.0005,38.24,-61.77
422,50,200,14,14,45,65,35,50,2.0,23,10000,7472.02,-2527.98,-25.28,-44.8,-0.14,-0.05,-1.27,35.33,248,35.89,0.78,-10.19,629.18,-204.01,0.00075,0.0005,38.24,-63.52
423,50,200,14,14,45,65,35,50,2.5,23,10000,7217.51,-2782.49,-27.82,-48.57,-0.15,-0.05,-1.27,38.38,223,35.87,0.77,-12.48,656.36,-252.9,0.00075,0.0005,38.24,-66.06
424,50,200,14,14,45,65,35,55,1.5,23,10000,7564.01,-2435.99,-24.36,-43.41,-0.14,-0.07,-1.25,34.63,314,35.35,0.79,-7.76,627.32,-209.15,0.00075,0.0005,38.24,-62.6
425,50,200,14,14,45,65,35,55,2.0,23,10000,7278.63,-2721.37,-27.21,-47.68,-0.15,-0.06,-1.24,38.31,268,35.82,0.77,-10.15,594.81,-198.75,0.00075,0.0005,38.24,-65.45
426,50,200,14,14,45,65,35,55,2.5,23,10000,7151.54,-2848.46,-28.48,-49.52,-0.15,-0.05,-1.3,38.02,241,35.68,0.77,-11.82,656.04,-231.67,0.00075,0.0005,38.24,-66.72
427,50,200,14,14,45,65,40,50,1.5,23,10000,8886.85,-1113.15,-11.13,-21.39,-0.06,-0.03,-0.88,24.17,268,37.31,0.89,-4.15,728.61,-152.65,0.00075,0.0005,38.24,-49.37
428,50,200,14,14,45,65,40,50,2.0,23,10000,8759.15,-1240.85,-12.41,-23.67,-0.06,-0.02,-0.76,31.2,231,37.66,0.88,-5.37,730.46,-198.75,0.00075,0.0005,38.24,-50.65
429,50,200,14,14,45,65,40,50,2.5,23,10000,8650.25,-1349.75,-13.5,-25.6,-0.06,-0.02,-0.75,34.06,207,38.16,0.88,-6.52,715.3,-236.39,0.00075,0.0005,38.24,-51.74
430,50,200,14,14,45,65,40,55,1.5,23,10000,8537.23,-1462.77,-14.63,-27.56,-0.08,-0.04,-0.93,29.49,295,36.61,0.87,-4.96,673.82,-152.65,0.00075,0.0005,38.24,-52.87
431,50,200,14,14,45,65,40,55,2.0,23,10000,8269.63,-1730.37,-17.3,-32.12,-0.09,-0.03,-0.88,36.39,254,37.4,0.84,-6.81,669.34,-198.75,0.00075,0.0005,38.24,-55.54
432,50,200,14,14,45,65,40,55,2.5,23,10000,7955.18,-2044.82,-20.45,-37.28,-0.1,-0.03,-0.99,37.53,229,37.12,0.83,-8.93,673.4,-228.13,0.00075,0.0005,38.24,-58.69
